[ACCESS] 2026/05/22 21:04:19 GET /health -> Status: OK Duration: 509.5µs
[ACCESS] 2026/05/22 21:04:45 POST /register -> Status: Internal Server Error Duration: 228.1491ms
[ACCESS] 2026/05/22 21:05:00 POST /register -> Status: Created Duration: 144.3578ms
[ACCESS] 2026/05/22 21:05:25 POST /login -> Status: OK Duration: 172.6702ms
[ACCESS] 2026/05/22 21:06:22 GET /boards -> Status: OK Duration: 55.45ms
[ACCESS] 2026/05/22 21:08:01 POST /boards -> Status: Created Duration: 8.1225ms
[ACCESS] 2026/05/22 21:08:25 GET /boards -> Status: OK Duration: 3.6624ms
[ACCESS] 2026/05/22 21:30:05 GET /boards -> Status: OK Duration: 3.269ms
[ACCESS] 2026/05/22 21:33:13 GET /health -> Status: OK Duration: 647.7µs
[ACCESS] 2026/05/22 21:35:01 GET /boards -> Status: OK Duration: 13.1084ms
[ACCESS] 2026/05/22 21:35:57 POST /register -> Status: Created Duration: 214.6853ms
[ACCESS] 2026/05/22 21:36:12 POST /login -> Status: OK Duration: 140.0945ms
[ACCESS] 2026/05/22 21:36:25 GET /boards -> Status: OK Duration: 3.927ms
[ACCESS] 2026/05/22 21:36:25 GET /boards -> Status: OK Duration: 3.6281ms
[ACCESS] 2026/05/22 21:40:22 GET /boards -> Status: OK Duration: 1.824ms
[ACCESS] 2026/05/22 21:40:31 POST /boards -> Status: Created Duration: 19.015ms
[ACCESS] 2026/05/22 21:40:32 GET /boards -> Status: OK Duration: 190.1073ms
[ACCESS] 2026/05/22 21:40:34 GET /columns -> Status: Bad Request Duration: 0s
[ACCESS] 2026/05/22 21:40:46 POST /columns -> Status: OK Duration: 37.9055ms
[ACCESS] 2026/05/22 21:40:46 GET /columns -> Status: Bad Request Duration: 0s
[ACCESS] 2026/05/22 21:44:05 GET /boards -> Status: OK Duration: 2.8424ms
[ACCESS] 2026/05/22 21:44:12 GET /columns -> Status: Bad Request Duration: 0s
[ACCESS] 2026/05/22 21:44:22 POST /columns -> Status: OK Duration: 16.2162ms
[ACCESS] 2026/05/22 21:44:22 GET /columns -> Status: Bad Request Duration: 0s
[ACCESS] 2026/05/22 21:45:24 GET /boards -> Status: OK Duration: 2.4272ms
[ACCESS] 2026/05/22 21:45:28 POST /boards -> Status: Created Duration: 15.6381ms
[ACCESS] 2026/05/22 21:45:28 GET /boards -> Status: OK Duration: 4.4977ms
[ACCESS] 2026/05/22 21:45:29 GET /columns -> Status: Bad Request Duration: 0s
[ACCESS] 2026/05/22 21:49:38 GET /boards -> Status: OK Duration: 2.5997ms
[ACCESS] 2026/05/22 21:49:48 POST /boards -> Status: Created Duration: 17.1245ms
[ACCESS] 2026/05/22 21:49:48 GET /boards -> Status: OK Duration: 3.5231ms
[ACCESS] 2026/05/22 21:49:50 GET /columns -> Status: Bad Request Duration: 0s
[ACCESS] 2026/05/22 21:50:52 GET /boards -> Status: OK Duration: 2.3146ms
[ACCESS] 2026/05/22 21:51:58 POST /boards -> Status: Created Duration: 3.1598ms
[ACCESS] 2026/05/22 21:52:22 GET /boards -> Status: OK Duration: 3.2275ms
[ACCESS] 2026/05/22 21:52:38 GET /boards -> Status: OK Duration: 2.4554ms
[ACCESS] 2026/05/22 21:52:39 GET /columns -> Status: Bad Request Duration: 0s
[ACCESS] 2026/05/22 21:52:41 GET /boards -> Status: OK Duration: 3.114ms
[ACCESS] 2026/05/22 21:52:44 GET /boards -> Status: OK Duration: 3.0294ms
[ACCESS] 2026/05/22 21:53:03 GET /columns -> Status: Bad Request Duration: 0s
[ACCESS] 2026/05/22 21:53:08 GET /boards -> Status: OK Duration: 3.4684ms
[ACCESS] 2026/05/22 21:53:18 GET /columns -> Status: Bad Request Duration: 0s
[ACCESS] 2026/05/22 21:53:37 POST /columns -> Status: Forbidden Duration: 1.4088ms
[ACCESS] 2026/05/22 21:53:44 POST /columns -> Status: Forbidden Duration: 1.3036ms
[ACCESS] 2026/05/22 21:53:47 GET /boards -> Status: OK Duration: 2.2047ms
[ACCESS] 2026/05/22 21:53:48 GET /columns -> Status: Bad Request Duration: 0s
[ACCESS] 2026/05/22 21:53:50 GET /boards -> Status: OK Duration: 4.1773ms
[ACCESS] 2026/05/22 21:53:51 GET /columns -> Status: Bad Request Duration: 0s
[ACCESS] 2026/05/22 21:53:53 GET /boards -> Status: OK Duration: 3.1322ms
[ACCESS] 2026/05/22 21:54:47 GET /columns -> Status: Bad Request Duration: 0s
[ACCESS] 2026/05/22 21:55:24 GET /columns -> Status: Bad Request Duration: 62.8µs
[ACCESS] 2026/05/22 21:55:31 GET /columns -> Status: Bad Request Duration: 3.4125ms
[ACCESS] 2026/05/22 21:57:15 GET /boards -> Status: OK Duration: 3.9204ms
[ACCESS] 2026/05/22 21:59:47 GET /columns -> Status: Bad Request Duration: 304µs
[ACCESS] 2026/05/22 21:59:50 GET /boards -> Status: OK Duration: 2.7294ms
[ACCESS] 2026/05/22 21:59:53 GET /columns -> Status: Bad Request Duration: 344.7µs
[ACCESS] 2026/05/22 22:02:56 GET /boards -> Status: OK Duration: 5.9856ms
[ACCESS] 2026/05/22 22:03:07 POST /boards -> Status: Created Duration: 16.1746ms
[ACCESS] 2026/05/22 22:03:07 GET /boards -> Status: OK Duration: 5.7113ms
[ACCESS] 2026/05/22 22:03:16 GET /columns -> Status: Bad Request Duration: 0s
[ACCESS] 2026/05/22 22:04:14 POST /boards -> Status: Created Duration: 15.4195ms
[ACCESS] 2026/05/22 22:04:34 GET /columns -> Status: Bad Request Duration: 0s
[ACCESS] 2026/05/22 22:05:08 GET /boards -> Status: OK Duration: 3.5237ms
[ACCESS] 2026/05/22 22:07:06 POST /boards -> Status: Created Duration: 14.5222ms
[ACCESS] 2026/05/22 22:07:18 GET /boards -> Status: OK Duration: 2.7583ms
[ACCESS] 2026/05/22 22:07:19 GET /boards -> Status: OK Duration: 2.552ms
[ACCESS] 2026/05/22 22:07:20 GET /boards -> Status: OK Duration: 3.3451ms
[ACCESS] 2026/05/22 22:07:20 GET /boards -> Status: OK Duration: 3.6273ms
[ACCESS] 2026/05/22 22:09:26 GET /boards -> Status: OK Duration: 5.3942ms
[ACCESS] 2026/05/22 22:09:28 GET /columns -> Status: Bad Request Duration: 0s
[ACCESS] 2026/05/22 22:09:31 GET /boards -> Status: OK Duration: 4.5026ms
[ACCESS] 2026/05/22 22:09:33 GET /columns -> Status: Bad Request Duration: 79.7µs
[ACCESS] 2026/05/22 22:09:34 GET /boards -> Status: OK Duration: 3.9837ms
[ACCESS] 2026/05/22 22:09:46 GET /columns -> Status: Bad Request Duration: 0s
[ACCESS] 2026/05/22 22:10:48 GET /boards -> Status: OK Duration: 3.0596ms
[ACCESS] 2026/05/22 22:10:52 POST /boards -> Status: Created Duration: 16.5415ms
[ACCESS] 2026/05/22 22:10:52 GET /boards -> Status: OK Duration: 10.594ms
[ACCESS] 2026/05/22 22:10:53 GET /columns -> Status: Bad Request Duration: 195.1µs
[ACCESS] 2026/05/22 22:12:44 GET /columns -> Status: Bad Request Duration: 0s
[ACCESS] 2026/05/22 22:14:42 POST /columns -> Status: OK Duration: 15.3614ms
[ACCESS] 2026/05/22 22:14:42 GET /columns -> Status: Bad Request Duration: 0s
[ACCESS] 2026/05/22 22:27:26 GET /columns -> Status: Bad Request Duration: 0s
[ACCESS] 2026/05/22 22:29:58 GET /columns -> Status: Bad Request Duration: 0s
[ACCESS] 2026/05/22 22:30:00 GET /columns -> Status: Bad Request Duration: 0s
[ACCESS] 2026/05/22 22:30:05 GET /columns -> Status: Bad Request Duration: 803.4µs
[ACCESS] 2026/05/22 22:30:10 GET /columns -> Status: Bad Request Duration: 206.2µs
[ACCESS] 2026/05/22 22:30:16 GET /columns -> Status: Bad Request Duration: 0s
[ACCESS] 2026/05/22 22:30:33 GET /columns -> Status: Bad Request Duration: 0s
[ACCESS] 2026/05/22 22:30:38 GET /columns -> Status: Bad Request Duration: 0s
[ACCESS] 2026/05/22 22:30:43 GET /columns -> Status: Bad Request Duration: 0s
[ACCESS] 2026/05/22 22:30:57 GET /columns -> Status: Bad Request Duration: 0s
[ACCESS] 2026/05/22 22:32:01 POST /register -> Status: Created Duration: 181.5993ms
[ACCESS] 2026/05/22 22:33:11 POST /login -> Status: OK Duration: 85.2178ms
[ACCESS] 2026/05/22 22:34:05 POST /boards -> Status: Created Duration: 17.2691ms
[ACCESS] 2026/05/22 22:34:23 GET /columns -> Status: Bad Request Duration: 0s
[ACCESS] 2026/05/22 22:42:48 POST /columns -> Status: OK Duration: 16.887ms
[ACCESS] 2026/05/22 22:42:56 GET /columns -> Status: Bad Request Duration: 0s
[ACCESS] 2026/05/22 22:42:59 GET /columns -> Status: Bad Request Duration: 0s
[ACCESS] 2026/05/22 22:43:00 GET /columns -> Status: Bad Request Duration: 211.6µs
[ACCESS] 2026/05/22 22:43:00 GET /columns -> Status: Bad Request Duration: 0s
[ACCESS] 2026/05/22 22:43:03 GET /columns -> Status: Bad Request Duration: 0s
[ACCESS] 2026/05/22 22:43:03 GET /columns -> Status: Bad Request Duration: 158.2µs
[ACCESS] 2026/05/22 22:43:03 GET /columns -> Status: Bad Request Duration: 0s
[ACCESS] 2026/05/22 22:43:04 GET /columns -> Status: Bad Request Duration: 0s
[ACCESS] 2026/05/22 22:43:04 GET /columns -> Status: Bad Request Duration: 0s
[ACCESS] 2026/05/22 22:49:25 GET /boards -> Status: OK Duration: 4.219ms
[ACCESS] 2026/05/22 22:49:36 GET /columns -> Status: Bad Request Duration: 501.6µs
[ACCESS] 2026/05/22 22:49:38 GET /boards -> Status: OK Duration: 4.115ms
[ACCESS] 2026/05/22 22:49:39 GET /columns -> Status: Bad Request Duration: 0s
[ACCESS] 2026/05/22 22:49:41 GET /boards -> Status: OK Duration: 5.183ms
[ACCESS] 2026/05/22 22:49:42 GET /columns -> Status: Bad Request Duration: 0s
[ACCESS] 2026/05/22 22:49:43 GET /boards -> Status: OK Duration: 4.8444ms
[ACCESS] 2026/05/22 22:50:49 GET /boards -> Status: OK Duration: 2.1337ms
[ACCESS] 2026/05/22 22:51:09 GET /columns -> Status: Bad Request Duration: 0s
[ACCESS] 2026/05/22 22:51:11 GET /boards -> Status: OK Duration: 4.1116ms
[ACCESS] 2026/05/22 22:51:16 POST /boards -> Status: Created Duration: 17.778ms
[ACCESS] 2026/05/22 22:51:16 GET /boards -> Status: OK Duration: 102.9632ms
[ACCESS] 2026/05/22 22:51:18 GET /columns -> Status: Bad Request Duration: 0s
[ACCESS] 2026/05/22 22:51:20 GET /boards -> Status: OK Duration: 2.0041ms
[ACCESS] 2026/05/22 22:51:44 GET /columns -> Status: Bad Request Duration: 345.8µs
[ACCESS] 2026/05/22 22:53:30 GET /boards -> Status: OK Duration: 2.3706ms
[ACCESS] 2026/05/22 22:53:37 POST /boards -> Status: Created Duration: 15.8777ms
[ACCESS] 2026/05/22 22:53:37 GET /boards -> Status: OK Duration: 5.7514ms
[ACCESS] 2026/05/22 22:53:39 GET /columns -> Status: Bad Request Duration: 0s
[ACCESS] 2026/05/22 22:54:39 GET /boards -> Status: OK Duration: 1.6784ms
[ACCESS] 2026/05/22 22:56:40 GET /columns -> Status: Bad Request Duration: 0s
[ACCESS] 2026/05/22 22:56:42 GET /boards -> Status: OK Duration: 4.7489ms
[ACCESS] 2026/05/23 00:24:01 POST /register -> Status: Created Duration: 118.1162ms
[ACCESS] 2026/05/23 00:24:42 POST /login -> Status: OK Duration: 71.9681ms
[ACCESS] 2026/05/23 00:26:16 POST /boards -> Status: Created Duration: 29.6501ms
[ACCESS] 2026/05/23 00:26:49 POST /columns -> Status: Forbidden Duration: 9.0088ms
[ACCESS] 2026/05/23 00:27:10 POST /boards -> Status: Created Duration: 5.5537ms
[ACCESS] 2026/05/23 00:27:23 POST /columns -> Status: OK Duration: 18.8542ms
[ACCESS] 2026/05/23 00:27:40 POST /columns -> Status: OK Duration: 2.8725ms
[ACCESS] 2026/05/23 00:27:57 POST /columns -> Status: OK Duration: 1.166ms
[ACCESS] 2026/05/23 00:28:26 POST /tasks -> Status: OK Duration: 14.4849ms
[ACCESS] 2026/05/23 00:31:17 GET /columns -> Status: Unauthorized Duration: 0s
[ACCESS] 2026/05/23 00:31:32 GET /boards -> Status: OK Duration: 16.9321ms
[ACCESS] 2026/05/23 00:31:35 GET /columns -> Status: Bad Request Duration: 504.2µs
[ACCESS] 2026/05/23 00:32:57 GET /boards -> Status: OK Duration: 3.6274ms
[ACCESS] 2026/05/23 00:34:04 GET /boards -> Status: OK Duration: 2.7698ms
[ACCESS] 2026/05/23 00:35:04 GET /columns -> Status: Bad Request Duration: 0s
[ACCESS] 2026/05/23 00:36:27 POST /boards -> Status: Created Duration: 15.4932ms
[ACCESS] 2026/05/23 00:36:30 GET /columns -> Status: Bad Request Duration: 0s
[ACCESS] 2026/05/23 00:40:30 GET /columns -> Status: Bad Request Duration: 0s
[ACCESS] 2026/05/23 00:40:30 GET /columns -> Status: Bad Request Duration: 0s
[ACCESS] 2026/05/23 00:40:30 GET /columns -> Status: Bad Request Duration: 0s
[ACCESS] 2026/05/23 00:40:31 GET /columns -> Status: Bad Request Duration: 212.4µs
[ACCESS] 2026/05/23 00:40:31 GET /columns -> Status: Bad Request Duration: 73.9µs
[ACCESS] 2026/05/23 00:40:31 GET /columns -> Status: Bad Request Duration: 0s
[ACCESS] 2026/05/23 00:40:37 GET /columns -> Status: Bad Request Duration: 0s
[ACCESS] 2026/05/23 00:40:37 GET /columns -> Status: Bad Request Duration: 0s
[ACCESS] 2026/05/23 00:40:37 GET /columns -> Status: Bad Request Duration: 109.9µs
[ACCESS] 2026/05/23 00:40:42 GET /columns -> Status: Bad Request Duration: 0s
[ACCESS] 2026/05/23 00:40:42 GET /columns -> Status: Bad Request Duration: 0s
[ACCESS] 2026/05/23 00:40:42 GET /columns -> Status: Bad Request Duration: 0s
[ACCESS] 2026/05/23 00:40:47 GET /columns -> Status: Bad Request Duration: 5.8283ms
[ACCESS] 2026/05/23 00:40:47 GET /columns -> Status: Bad Request Duration: 195µs
[ACCESS] 2026/05/23 00:40:47 GET /columns -> Status: Bad Request Duration: 0s
[ACCESS] 2026/05/23 00:40:52 GET /columns -> Status: Bad Request Duration: 9.2216ms
[ACCESS] 2026/05/23 00:40:52 GET /columns -> Status: Bad Request Duration: 498.6µs
[ACCESS] 2026/05/23 00:40:52 GET /columns -> Status: Bad Request Duration: 0s
[ACCESS] 2026/05/23 00:40:57 GET /columns -> Status: Bad Request Duration: 0s
[ACCESS] 2026/05/23 00:40:57 GET /columns -> Status: Bad Request Duration: 0s
[ACCESS] 2026/05/23 00:40:57 GET /columns -> Status: Bad Request Duration: 0s
[ACCESS] 2026/05/23 00:41:02 GET /columns -> Status: Bad Request Duration: 0s
[ACCESS] 2026/05/23 00:41:03 GET /columns -> Status: Bad Request Duration: 504.1µs
[ACCESS] 2026/05/23 00:41:03 GET /columns -> Status: Bad Request Duration: 92.4µs
[ACCESS] 2026/05/23 00:41:08 GET /columns -> Status: Bad Request Duration: 3.526ms
[ACCESS] 2026/05/23 00:41:08 GET /columns -> Status: Bad Request Duration: 235µs
[ACCESS] 2026/05/23 00:41:08 GET /columns -> Status: Bad Request Duration: 77.8µs
[ACCESS] 2026/05/23 00:41:13 GET /columns -> Status: Bad Request Duration: 0s
[ACCESS] 2026/05/23 00:41:13 GET /columns -> Status: Bad Request Duration: 0s
[ACCESS] 2026/05/23 00:41:13 GET /columns -> Status: Bad Request Duration: 0s
[ACCESS] 2026/05/23 00:41:18 GET /columns -> Status: Bad Request Duration: 0s
[ACCESS] 2026/05/23 00:41:18 GET /columns -> Status: Bad Request Duration: 1.5853ms
[ACCESS] 2026/05/23 00:41:18 GET /columns -> Status: Bad Request Duration: 3.8894ms
[ACCESS] 2026/05/23 00:41:23 GET /columns -> Status: Bad Request Duration: 0s
[ACCESS] 2026/05/23 00:41:23 GET /columns -> Status: Bad Request Duration: 0s
[ACCESS] 2026/05/23 00:41:23 GET /columns -> Status: Bad Request Duration: 0s
[ACCESS] 2026/05/23 00:41:28 GET /columns -> Status: Bad Request Duration: 0s
[ACCESS] 2026/05/23 00:41:28 GET /columns -> Status: Bad Request Duration: 0s
[ACCESS] 2026/05/23 00:41:29 GET /columns -> Status: Bad Request Duration: 0s
[ACCESS] 2026/05/23 00:41:33 GET /columns -> Status: Bad Request Duration: 9.1972ms
[ACCESS] 2026/05/23 00:41:34 GET /columns -> Status: Bad Request Duration: 255.5µs
[ACCESS] 2026/05/23 00:41:34 GET /columns -> Status: Bad Request Duration: 0s
[ACCESS] 2026/05/23 00:41:39 GET /columns -> Status: Bad Request Duration: 0s
[ACCESS] 2026/05/23 00:41:39 GET /columns -> Status: Bad Request Duration: 6.579ms
[ACCESS] 2026/05/23 00:41:39 GET /columns -> Status: Bad Request Duration: 1.4552ms
[ACCESS] 2026/05/23 00:41:44 GET /columns -> Status: Bad Request Duration: 0s
[ACCESS] 2026/05/23 00:41:44 GET /columns -> Status: Bad Request Duration: 0s
[ACCESS] 2026/05/23 00:41:44 GET /columns -> Status: Bad Request Duration: 0s
[ACCESS] 2026/05/23 00:41:49 GET /columns -> Status: Bad Request Duration: 11.6514ms
[ACCESS] 2026/05/23 00:41:49 GET /columns -> Status: Bad Request Duration: 0s
[ACCESS] 2026/05/23 00:41:49 GET /columns -> Status: Bad Request Duration: 1.5919ms
[ACCESS] 2026/05/23 00:41:54 GET /columns -> Status: Bad Request Duration: 5.8507ms
[ACCESS] 2026/05/23 00:41:54 GET /columns -> Status: Bad Request Duration: 5.6864ms
[ACCESS] 2026/05/23 00:41:55 GET /columns -> Status: Bad Request Duration: 1.6777ms
[ACCESS] 2026/05/23 00:41:59 GET /columns -> Status: Bad Request Duration: 0s
[ACCESS] 2026/05/23 00:41:59 GET /columns -> Status: Bad Request Duration: 0s
[ACCESS] 2026/05/23 00:41:59 GET /columns -> Status: Bad Request Duration: 346µs
[ACCESS] 2026/05/23 00:42:05 GET /columns -> Status: Bad Request Duration: 206µs
[ACCESS] 2026/05/23 00:42:05 GET /columns -> Status: Bad Request Duration: 0s
[ACCESS] 2026/05/23 00:42:05 GET /columns -> Status: Bad Request Duration: 3.8018ms
[ACCESS] 2026/05/23 00:42:10 GET /columns -> Status: Bad Request Duration: 0s
[ACCESS] 2026/05/23 00:42:10 GET /columns -> Status: Bad Request Duration: 15.0509ms
[ACCESS] 2026/05/23 00:42:10 GET /columns -> Status: Bad Request Duration: 6.9033ms
[ACCESS] 2026/05/23 00:42:15 GET /columns -> Status: Bad Request Duration: 0s
[ACCESS] 2026/05/23 00:42:15 GET /columns -> Status: Bad Request Duration: 3.2444ms
[ACCESS] 2026/05/23 00:42:15 GET /columns -> Status: Bad Request Duration: 1.8332ms
[ACCESS] 2026/05/23 00:42:20 GET /columns -> Status: Bad Request Duration: 8.8984ms
[ACCESS] 2026/05/23 00:42:20 GET /columns -> Status: Bad Request Duration: 8.645ms
[ACCESS] 2026/05/23 00:42:20 GET /columns -> Status: Bad Request Duration: 0s
[ACCESS] 2026/05/23 00:42:25 GET /columns -> Status: Bad Request Duration: 0s
[ACCESS] 2026/05/23 00:42:25 GET /columns -> Status: Bad Request Duration: 0s
[ACCESS] 2026/05/23 00:42:25 GET /columns -> Status: Bad Request Duration: 0s
[ACCESS] 2026/05/23 00:42:30 GET /columns -> Status: Bad Request Duration: 2.5294ms
[ACCESS] 2026/05/23 00:42:31 GET /columns -> Status: Bad Request Duration: 12.2011ms
[ACCESS] 2026/05/23 00:42:31 GET /columns -> Status: Bad Request Duration: 0s
[ACCESS] 2026/05/23 00:42:36 GET /columns -> Status: Bad Request Duration: 0s
[ACCESS] 2026/05/23 00:42:36 GET /columns -> Status: Bad Request Duration: 0s
[ACCESS] 2026/05/23 00:42:36 GET /columns -> Status: Bad Request Duration: 0s
[ACCESS] 2026/05/23 00:42:41 GET /columns -> Status: Bad Request Duration: 0s
[ACCESS] 2026/05/23 00:42:41 GET /columns -> Status: Bad Request Duration: 155.5µs
[ACCESS] 2026/05/23 00:42:41 GET /columns -> Status: Bad Request Duration: 111.4µs
[ACCESS] 2026/05/23 00:42:46 GET /columns -> Status: Bad Request Duration: 18.4577ms
[ACCESS] 2026/05/23 00:42:46 GET /columns -> Status: Bad Request Duration: 0s
[ACCESS] 2026/05/23 00:42:47 GET /columns -> Status: Bad Request Duration: 400.1µs
[ACCESS] 2026/05/23 00:42:51 GET /columns -> Status: Bad Request Duration: 0s
[ACCESS] 2026/05/23 00:42:51 GET /columns -> Status: Bad Request Duration: 0s
[ACCESS] 2026/05/23 00:42:51 GET /columns -> Status: Bad Request Duration: 0s
[ACCESS] 2026/05/23 00:42:56 GET /columns -> Status: Bad Request Duration: 605.5µs
[ACCESS] 2026/05/23 00:42:57 GET /columns -> Status: Bad Request Duration: 2.0966ms
[ACCESS] 2026/05/23 00:42:57 GET /columns -> Status: Bad Request Duration: 474.2µs
[ACCESS] 2026/05/23 00:43:02 GET /columns -> Status: Bad Request Duration: 0s
[ACCESS] 2026/05/23 00:43:02 GET /columns -> Status: Bad Request Duration: 623.4µs
[ACCESS] 2026/05/23 00:43:02 GET /columns -> Status: Bad Request Duration: 60.2µs
[ACCESS] 2026/05/23 00:43:38 GET /columns -> Status: Bad Request Duration: 0s
[ACCESS] 2026/05/23 00:43:38 GET /columns -> Status: Bad Request Duration: 52.5µs
[ACCESS] 2026/05/23 00:43:38 GET /columns -> Status: Bad Request Duration: 143.3µs
[ACCESS] 2026/05/23 00:43:43 GET /columns -> Status: Bad Request Duration: 0s
[ACCESS] 2026/05/23 00:43:43 GET /columns -> Status: Bad Request Duration: 0s
[ACCESS] 2026/05/23 00:43:43 GET /columns -> Status: Bad Request Duration: 0s
[ACCESS] 2026/05/23 00:43:48 GET /columns -> Status: Bad Request Duration: 0s
[ACCESS] 2026/05/23 00:43:48 GET /columns -> Status: Bad Request Duration: 9.8273ms
[ACCESS] 2026/05/23 00:43:48 GET /columns -> Status: Bad Request Duration: 2.9499ms
[ACCESS] 2026/05/23 00:43:54 GET /columns -> Status: Bad Request Duration: 0s
[ACCESS] 2026/05/23 00:43:54 GET /columns -> Status: Bad Request Duration: 0s
[ACCESS] 2026/05/23 00:43:54 GET /columns -> Status: Bad Request Duration: 175.7µs
[ACCESS] 2026/05/23 00:43:59 GET /columns -> Status: Bad Request Duration: 0s
[ACCESS] 2026/05/23 00:43:59 GET /columns -> Status: Bad Request Duration: 13.1642ms
[ACCESS] 2026/05/23 00:43:59 GET /columns -> Status: Bad Request Duration: 0s
[ACCESS] 2026/05/23 00:45:02 GET /columns -> Status: Bad Request Duration: 0s
[ACCESS] 2026/05/23 00:45:02 GET /columns -> Status: Bad Request Duration: 230.1µs
[ACCESS] 2026/05/23 00:45:02 GET /columns -> Status: Bad Request Duration: 66.8µs
[ACCESS] 2026/05/23 00:45:07 GET /columns -> Status: Bad Request Duration: 0s
[ACCESS] 2026/05/23 00:45:07 GET /columns -> Status: Bad Request Duration: 0s
[ACCESS] 2026/05/23 00:45:07 GET /columns -> Status: Bad Request Duration: 0s
[ACCESS] 2026/05/23 00:46:19 GET /columns -> Status: Bad Request Duration: 296.1µs
[ACCESS] 2026/05/23 00:46:19 GET /columns -> Status: Bad Request Duration: 61.2µs
[ACCESS] 2026/05/23 00:46:19 GET /columns -> Status: Bad Request Duration: 252.1µs
[ACCESS] 2026/05/23 00:46:25 GET /columns -> Status: Bad Request Duration: 54.1µs
[ACCESS] 2026/05/23 00:46:25 GET /columns -> Status: Bad Request Duration: 0s
[ACCESS] 2026/05/23 00:46:25 GET /columns -> Status: Bad Request Duration: 0s
[ACCESS] 2026/05/23 00:46:36 GET /columns -> Status: Bad Request Duration: 0s
[ACCESS] 2026/05/23 00:46:36 GET /columns -> Status: Bad Request Duration: 51.6µs
[ACCESS] 2026/05/23 00:46:36 GET /columns -> Status: Bad Request Duration: 175µs
[ACCESS] 2026/05/23 00:46:41 GET /columns -> Status: Bad Request Duration: 0s
[ACCESS] 2026/05/23 00:46:41 GET /columns -> Status: Bad Request Duration: 0s
[ACCESS] 2026/05/23 00:46:41 GET /columns -> Status: Bad Request Duration: 0s
[ACCESS] 2026/05/23 00:48:51 GET /columns -> Status: Bad Request Duration: 0s
[ACCESS] 2026/05/23 00:48:51 GET /columns -> Status: Bad Request Duration: 0s
[ACCESS] 2026/05/23 00:48:51 GET /columns -> Status: Bad Request Duration: 0s
[ACCESS] 2026/05/23 00:48:55 GET /boards -> Status: OK Duration: 1.9303ms
[ACCESS] 2026/05/23 00:49:01 GET /columns -> Status: Bad Request Duration: 0s
[ACCESS] 2026/05/23 00:49:05 GET /columns -> Status: Bad Request Duration: 0s
[ACCESS] 2026/05/23 00:49:09 GET /columns -> Status: Bad Request Duration: 0s
[ACCESS] 2026/05/23 00:49:20 GET /columns -> Status: Bad Request Duration: 0s
[ACCESS] 2026/05/23 00:49:21 GET /columns -> Status: Bad Request Duration: 0s
[ACCESS] 2026/05/23 00:49:21 GET /columns -> Status: Bad Request Duration: 0s
[ACCESS] 2026/05/23 00:49:22 GET /columns -> Status: Bad Request Duration: 0s
[ACCESS] 2026/05/23 00:49:24 GET /columns -> Status: Bad Request Duration: 0s
[ACCESS] 2026/05/23 00:49:25 GET /columns -> Status: Bad Request Duration: 0s
[ACCESS] 2026/05/23 00:49:41 GET /columns -> Status: Bad Request Duration: 158.2µs
[ACCESS] 2026/05/23 00:49:46 GET /columns -> Status: Bad Request Duration: 0s
[ACCESS] 2026/05/23 00:49:51 GET /columns -> Status: Bad Request Duration: 0s
[ACCESS] 2026/05/23 00:49:57 GET /columns -> Status: Bad Request Duration: 182.9µs
[ACCESS] 2026/05/23 00:50:36 GET /columns -> Status: Bad Request Duration: 0s
[ACCESS] 2026/05/23 00:50:41 GET /columns -> Status: Bad Request Duration: 6.569ms
[ACCESS] 2026/05/23 00:50:47 GET /columns -> Status: Bad Request Duration: 7.53ms
[ACCESS] 2026/05/23 00:50:52 GET /columns -> Status: Bad Request Duration: 0s
[ACCESS] 2026/05/23 00:50:57 GET /columns -> Status: Bad Request Duration: 5.8701ms
[ACCESS] 2026/05/23 00:51:02 GET /columns -> Status: Bad Request Duration: 6.1764ms
[ACCESS] 2026/05/23 00:51:08 GET /columns -> Status: Bad Request Duration: 0s
[ACCESS] 2026/05/23 00:51:13 GET /columns -> Status: Bad Request Duration: 0s
[ACCESS] 2026/05/23 00:51:18 GET /columns -> Status: Bad Request Duration: 0s
[ACCESS] 2026/05/23 00:51:23 GET /columns -> Status: Bad Request Duration: 5.0851ms
[ACCESS] 2026/05/23 00:51:28 GET /columns -> Status: Bad Request Duration: 0s
[ACCESS] 2026/05/23 00:51:33 GET /columns -> Status: Bad Request Duration: 0s
[ACCESS] 2026/05/23 00:51:39 GET /columns -> Status: Bad Request Duration: 0s
[ACCESS] 2026/05/23 00:51:44 GET /columns -> Status: Bad Request Duration: 7.6633ms
[ACCESS] 2026/05/23 00:51:49 GET /columns -> Status: Bad Request Duration: 0s
[ACCESS] 2026/05/23 00:51:54 GET /columns -> Status: Bad Request Duration: 0s
[ACCESS] 2026/05/23 00:51:59 GET /columns -> Status: Bad Request Duration: 0s
[ACCESS] 2026/05/23 00:52:04 GET /columns -> Status: Bad Request Duration: 4.4189ms
[ACCESS] 2026/05/23 00:52:31 GET /columns -> Status: Unauthorized Duration: 0s
[ACCESS] 2026/05/23 00:52:41 GET /columns -> Status: Unauthorized Duration: 0s
[ACCESS] 2026/05/23 00:57:44 GET /columns -> Status: Bad Request Duration: 0s
[ACCESS] 2026/05/23 00:58:16 GET /columns -> Status: Bad Request Duration: 0s
[ACCESS] 2026/05/23 00:58:37 GET /columns -> Status: Bad Request Duration: 0s
[ACCESS] 2026/05/23 00:58:45 GET /columns -> Status: Bad Request Duration: 0s
[ACCESS] 2026/05/23 00:58:46 GET /columns -> Status: Bad Request Duration: 0s
[ACCESS] 2026/05/23 00:58:46 GET /columns -> Status: Bad Request Duration: 524.7µs
[ACCESS] 2026/05/23 00:58:46 GET /columns -> Status: Bad Request Duration: 0s
[ACCESS] 2026/05/23 00:58:47 GET /columns -> Status: Bad Request Duration: 429.8µs
[ACCESS] 2026/05/23 00:58:47 GET /columns -> Status: Bad Request Duration: 0s
[ACCESS] 2026/05/23 00:58:47 GET /columns -> Status: Bad Request Duration: 0s
[ACCESS] 2026/05/23 00:58:47 GET /columns -> Status: Bad Request Duration: 0s
[ACCESS] 2026/05/23 00:58:47 GET /columns -> Status: Bad Request Duration: 0s
[ACCESS] 2026/05/23 00:58:48 GET /columns -> Status: Bad Request Duration: 0s
[ACCESS] 2026/05/23 01:01:40 GET /boards -> Status: OK Duration: 2.7128ms
[ACCESS] 2026/05/23 01:02:22 GET /columns -> Status: Bad Request Duration: 0s
[ACCESS] 2026/05/23 01:02:22 GET /columns -> Status: Bad Request Duration: 0s
[ACCESS] 2026/05/23 01:02:27 GET /columns -> Status: Bad Request Duration: 10.6992ms
[ACCESS] 2026/05/23 01:02:28 GET /columns -> Status: Bad Request Duration: 2.5871ms
[ACCESS] 2026/05/23 01:03:34 GET /columns -> Status: Bad Request Duration: 0s
[ACCESS] 2026/05/23 01:03:34 GET /columns -> Status: Bad Request Duration: 0s
[ACCESS] 2026/05/23 01:03:40 GET /columns -> Status: Bad Request Duration: 161.2µs
[ACCESS] 2026/05/23 01:03:40 GET /columns -> Status: Bad Request Duration: 68.8µs
[ACCESS] 2026/05/23 01:03:53 GET /columns -> Status: Bad Request Duration: 0s
[ACCESS] 2026/05/23 01:03:53 GET /columns -> Status: Bad Request Duration: 0s
[ACCESS] 2026/05/23 01:03:57 GET /boards -> Status: OK Duration: 1.5023ms
[ACCESS] 2026/05/23 01:04:00 GET /boards -> Status: OK Duration: 2.2628ms
[ACCESS] 2026/05/23 01:04:02 GET /columns -> Status: Bad Request Duration: 116.7µs
[ACCESS] 2026/05/23 01:05:30 GET /boards -> Status: OK Duration: 4.0362ms
[ACCESS] 2026/05/23 01:05:31 GET /columns -> Status: Bad Request Duration: 923µs
[ACCESS] 2026/05/23 01:06:14 GET /boards -> Status: OK Duration: 1.1445ms
[ACCESS] 2026/05/23 01:06:15 GET /columns -> Status: Bad Request Duration: 2.471ms
[ACCESS] 2026/05/23 01:07:02 GET /boards -> Status: OK Duration: 2.6211ms
[ACCESS] 2026/05/23 01:07:08 GET /columns -> Status: Bad Request Duration: 0s
[ACCESS] 2026/05/23 01:07:11 GET /columns -> Status: Bad Request Duration: 0s
[ACCESS] 2026/05/23 01:07:11 GET /columns -> Status: Bad Request Duration: 511.7µs
[ACCESS] 2026/05/23 01:07:11 GET /columns -> Status: Bad Request Duration: 99.3µs
[ACCESS] 2026/05/23 01:07:12 GET /columns -> Status: Bad Request Duration: 0s
[ACCESS] 2026/05/23 01:07:12 GET /columns -> Status: Bad Request Duration: 0s
[ACCESS] 2026/05/23 01:07:12 GET /columns -> Status: Bad Request Duration: 780.5µs
[ACCESS] 2026/05/23 01:07:12 GET /columns -> Status: Bad Request Duration: 0s
[ACCESS] 2026/05/23 01:07:13 GET /columns -> Status: Bad Request Duration: 0s
[ACCESS] 2026/05/23 01:07:13 GET /columns -> Status: Bad Request Duration: 501µs
[ACCESS] 2026/05/23 01:07:13 GET /columns -> Status: Bad Request Duration: 234.6µs
[ACCESS] 2026/05/23 01:07:13 GET /columns -> Status: Bad Request Duration: 541.5µs
[ACCESS] 2026/05/23 01:08:44 GET /columns -> Status: Bad Request Duration: 0s
[ACCESS] 2026/05/23 01:12:11 GET /boards -> Status: OK Duration: 2.0008ms
[ACCESS] 2026/05/23 01:12:13 GET /columns -> Status: Bad Request Duration: 117.3µs
[ACCESS] 2026/05/23 01:12:22 GET /columns -> Status: Bad Request Duration: 0s
[ACCESS] 2026/05/23 01:12:24 GET /columns -> Status: Bad Request Duration: 0s
[ACCESS] 2026/05/23 01:12:26 GET /columns -> Status: Bad Request Duration: 0s
[ACCESS] 2026/05/23 01:12:30 GET /columns -> Status: Bad Request Duration: 0s
[ACCESS] 2026/05/23 01:12:32 GET /boards -> Status: OK Duration: 1.9132ms
[ACCESS] 2026/05/23 01:12:33 GET /columns -> Status: Bad Request Duration: 0s
[ACCESS] 2026/05/23 01:12:36 GET /columns -> Status: Bad Request Duration: 76.3µs
[ACCESS] 2026/05/23 01:12:36 GET /columns -> Status: Bad Request Duration: 0s
[ACCESS] 2026/05/23 01:12:41 GET /columns -> Status: Bad Request Duration: 5.2508ms
[ACCESS] 2026/05/23 01:12:41 GET /columns -> Status: Bad Request Duration: 0s
[ACCESS] 2026/05/23 01:12:47 GET /columns -> Status: Bad Request Duration: 11.4153ms
[ACCESS] 2026/05/23 01:12:47 GET /columns -> Status: Bad Request Duration: 0s
[ACCESS] 2026/05/23 01:13:43 GET /columns -> Status: Bad Request Duration: 0s
[ACCESS] 2026/05/23 01:13:43 GET /columns -> Status: Bad Request Duration: 199.2µs
[ACCESS] 2026/05/23 01:13:48 GET /columns -> Status: Bad Request Duration: 12.2238ms
[ACCESS] 2026/05/23 01:13:48 GET /columns -> Status: Bad Request Duration: 0s
[ACCESS] 2026/05/23 01:14:04 GET /columns -> Status: Bad Request Duration: 0s
[ACCESS] 2026/05/23 01:14:04 GET /columns -> Status: Bad Request Duration: 0s
[ACCESS] 2026/05/23 01:14:10 GET /columns -> Status: Bad Request Duration: 0s
[ACCESS] 2026/05/23 01:14:10 GET /columns -> Status: Bad Request Duration: 0s
[ACCESS] 2026/05/23 01:14:12 GET /columns -> Status: Bad Request Duration: 278.5µs
[ACCESS] 2026/05/23 01:14:12 GET /columns -> Status: Bad Request Duration: 0s
[ACCESS] 2026/05/23 01:14:15 GET /columns -> Status: Bad Request Duration: 0s
[ACCESS] 2026/05/23 01:14:15 GET /columns -> Status: Bad Request Duration: 504.7µs
[ACCESS] 2026/05/23 01:14:20 GET /boards -> Status: OK Duration: 860.5µs
[ACCESS] 2026/05/23 01:14:24 GET /boards -> Status: OK Duration: 2.8758ms
[ACCESS] 2026/05/23 01:14:24 GET /boards -> Status: OK Duration: 5.6484ms
[ACCESS] 2026/05/23 01:14:24 GET /boards -> Status: OK Duration: 5.9192ms
[ACCESS] 2026/05/23 01:14:25 GET /boards -> Status: OK Duration: 1.1025ms
[ACCESS] 2026/05/23 01:14:25 GET /boards -> Status: OK Duration: 1.827ms
[ACCESS] 2026/05/23 01:14:25 GET /boards -> Status: OK Duration: 2.1075ms
[ACCESS] 2026/05/23 01:14:25 GET /boards -> Status: OK Duration: 1.9842ms
[ACCESS] 2026/05/23 01:14:25 GET /boards -> Status: OK Duration: 3.3797ms
[ACCESS] 2026/05/23 01:14:27 GET /columns -> Status: Bad Request Duration: 4.1979ms
[ACCESS] 2026/05/23 01:14:39 GET /columns -> Status: Bad Request Duration: 0s
[ACCESS] 2026/05/23 01:14:44 GET /columns -> Status: Bad Request Duration: 1.2843ms
[ACCESS] 2026/05/23 01:14:48 GET /columns -> Status: Bad Request Duration: 0s
[ACCESS] 2026/05/23 01:14:49 GET /columns -> Status: Bad Request Duration: 5.0277ms
[ACCESS] 2026/05/23 01:14:53 GET /boards -> Status: OK Duration: 2.7183ms
[ACCESS] 2026/05/23 01:14:54 GET /columns -> Status: Bad Request Duration: 656.1µs
[ACCESS] 2026/05/23 01:14:57 GET /boards -> Status: OK Duration: 3.4986ms
[ACCESS] 2026/05/23 01:15:05 POST /boards -> Status: Created Duration: 24.6257ms
[ACCESS] 2026/05/23 01:15:05 GET /boards -> Status: OK Duration: 6.6714ms
[ACCESS] 2026/05/23 01:15:07 GET /columns -> Status: Bad Request Duration: 148.9µs
[ACCESS] 2026/05/23 01:15:10 GET /boards -> Status: OK Duration: 2.168ms
[ACCESS] 2026/05/23 01:18:24 GET /boards -> Status: OK Duration: 2.0821ms
[ACCESS] 2026/05/23 01:18:29 GET /boards -> Status: OK Duration: 2.7731ms
[ACCESS] 2026/05/23 01:19:50 GET /boards -> Status: OK Duration: 3.0727ms
[ACCESS] 2026/05/23 01:19:55 GET /boards -> Status: OK Duration: 1.905ms
[ACCESS] 2026/05/23 01:19:55 GET /boards -> Status: OK Duration: 8.2472ms
[ACCESS] 2026/05/23 01:20:00 GET /boards -> Status: OK Duration: 9.4131ms
[ACCESS] 2026/05/23 01:20:05 GET /boards -> Status: OK Duration: 2.2081ms
[ACCESS] 2026/05/23 01:20:10 GET /boards -> Status: OK Duration: 10.336ms
[ACCESS] 2026/05/23 01:20:14 GET /boards -> Status: OK Duration: 4.765ms
[ACCESS] 2026/05/23 01:20:16 GET /boards -> Status: OK Duration: 7.2026ms
[ACCESS] 2026/05/23 01:20:21 GET /boards -> Status: OK Duration: 6.007ms
[ACCESS] 2026/05/23 01:20:26 GET /boards -> Status: OK Duration: 1.6134ms
[ACCESS] 2026/05/23 01:20:26 GET /boards -> Status: OK Duration: 2.1246ms
[ACCESS] 2026/05/23 01:20:27 GET /columns -> Status: Bad Request Duration: 0s
[ACCESS] 2026/05/23 01:20:29 GET /boards -> Status: OK Duration: 3.127ms
[ACCESS] 2026/05/23 01:20:43 GET /columns -> Status: Bad Request Duration: 0s
[ACCESS] 2026/05/23 01:20:45 GET /columns -> Status: Bad Request Duration: 209.8µs
[ACCESS] 2026/05/23 01:20:45 GET /boards -> Status: OK Duration: 3.6591ms
[ACCESS] 2026/05/23 01:21:48 GET /boards -> Status: OK Duration: 3.9256ms
[ACCESS] 2026/05/23 01:21:48 GET /columns -> Status: Bad Request Duration: 0s
[ACCESS] 2026/05/23 01:21:53 GET /boards -> Status: OK Duration: 2.1736ms
[ACCESS] 2026/05/23 01:21:53 GET /columns -> Status: Bad Request Duration: 113.6µs
[ACCESS] 2026/05/23 01:23:25 GET /columns -> Status: Bad Request Duration: 0s
[ACCESS] 2026/05/23 01:23:25 GET /boards -> Status: OK Duration: 3.4094ms
[ACCESS] 2026/05/23 01:23:30 GET /columns -> Status: Bad Request Duration: 0s
[ACCESS] 2026/05/23 01:23:30 GET /boards -> Status: OK Duration: 3.9208ms
[ACCESS] 2026/05/23 01:23:36 GET /columns -> Status: Bad Request Duration: 7.9725ms
[ACCESS] 2026/05/23 01:23:36 GET /boards -> Status: OK Duration: 4.2203ms
[ACCESS] 2026/05/23 01:23:41 GET /boards -> Status: OK Duration: 6.48ms
[ACCESS] 2026/05/23 01:23:41 GET /columns -> Status: Bad Request Duration: 0s
[ACCESS] 2026/05/23 01:25:48 GET /boards -> Status: OK Duration: 2.7229ms
[ACCESS] 2026/05/23 01:25:48 GET /columns -> Status: Bad Request Duration: 0s
[ACCESS] 2026/05/23 01:25:53 GET /boards -> Status: OK Duration: 3.062ms
[ACCESS] 2026/05/23 01:25:53 GET /columns -> Status: Bad Request Duration: 168.6µs
[ACCESS] 2026/05/23 01:25:58 GET /boards -> Status: OK Duration: 3.491ms
[ACCESS] 2026/05/23 01:25:58 GET /columns -> Status: Bad Request Duration: 0s
[ACCESS] 2026/05/23 01:25:59 GET /columns -> Status: Bad Request Duration: 0s
[ACCESS] 2026/05/23 01:25:59 GET /boards -> Status: OK Duration: 2.2216ms
[ACCESS] 2026/05/23 01:26:04 GET /boards -> Status: OK Duration: 2.2001ms
[ACCESS] 2026/05/23 01:26:06 GET /columns -> Status: Bad Request Duration: 0s
[ACCESS] 2026/05/23 01:26:07 GET /boards -> Status: OK Duration: 2.0317ms
[ACCESS] 2026/05/23 01:26:08 GET /columns -> Status: Bad Request Duration: 105.1µs
[ACCESS] 2026/05/23 01:26:10 GET /boards -> Status: OK Duration: 2.9919ms
[ACCESS] 2026/05/23 01:26:13 GET /boards -> Status: OK Duration: 3.2457ms
[ACCESS] 2026/05/23 01:26:13 GET /boards -> Status: OK Duration: 1.8853ms
[ACCESS] 2026/05/23 01:26:13 GET /boards -> Status: OK Duration: 4.4101ms
[ACCESS] 2026/05/23 01:26:14 GET /boards -> Status: OK Duration: 2.5803ms
[ACCESS] 2026/05/23 01:26:14 GET /boards -> Status: OK Duration: 2.738ms
[ACCESS] 2026/05/23 01:26:14 GET /boards -> Status: OK Duration: 3.2343ms
[ACCESS] 2026/05/23 01:26:16 GET /columns -> Status: Bad Request Duration: 95.6µs
[ACCESS] 2026/05/23 01:28:58 GET /boards -> Status: OK Duration: 7.9929ms
[ACCESS] 2026/05/23 01:29:01 GET /columns -> Status: Bad Request Duration: 0s
[ACCESS] 2026/05/23 01:29:43 GET /columns -> Status: Unauthorized Duration: 0s
[ACCESS] 2026/05/23 01:32:58 GET /boards -> Status: OK Duration: 2.864ms
[ACCESS] 2026/05/23 01:33:00 GET /columns -> Status: Bad Request Duration: 0s
[ACCESS] 2026/05/23 01:33:07 POST /columns -> Status: OK Duration: 26.7479ms
[ACCESS] 2026/05/23 01:33:07 GET /columns -> Status: Bad Request Duration: 0s
[ACCESS] 2026/05/23 01:33:10 GET /boards -> Status: OK Duration: 3.255ms
[ACCESS] 2026/05/23 01:33:11 GET /columns -> Status: Bad Request Duration: 493.6µs
[ACCESS] 2026/05/23 01:40:31 GET /boards -> Status: OK Duration: 8.439ms
[ACCESS] 2026/05/23 01:40:35 GET /boards -> Status: OK Duration: 2.4638ms
[ACCESS] 2026/05/23 01:40:35 GET /boards -> Status: OK Duration: 2.5486ms
[ACCESS] 2026/05/23 01:40:35 GET /boards -> Status: OK Duration: 2.3649ms
[ACCESS] 2026/05/23 01:40:37 GET /columns -> Status: Bad Request Duration: 1.4169ms
[ACCESS] 2026/05/23 01:41:09 GET /columns -> Status: Bad Request Duration: 182.9µs
[ACCESS] 2026/05/23 01:41:14 GET /boards -> Status: OK Duration: 2.5447ms
[ACCESS] 2026/05/23 01:41:15 GET /columns -> Status: Bad Request Duration: 0s
[ACCESS] 2026/05/23 01:41:17 GET /boards -> Status: OK Duration: 4.7477ms
[ACCESS] 2026/05/23 01:41:18 GET /columns -> Status: Bad Request Duration: 5.1964ms
[ACCESS] 2026/05/23 01:41:39 GET /boards -> Status: OK Duration: 3.4404ms
[ACCESS] 2026/05/23 01:43:13 GET /columns -> Status: Bad Request Duration: 169.9µs
[ACCESS] 2026/05/23 01:43:15 GET /boards -> Status: OK Duration: 3.6388ms
[ACCESS] 2026/05/23 01:43:29 GET /columns -> Status: Bad Request Duration: 4.1909ms
[ACCESS] 2026/05/23 01:44:04 GET /columns -> Status: Unauthorized Duration: 0s
[ACCESS] 2026/05/23 01:44:46 GET /boards -> Status: OK Duration: 1.5997ms
[ACCESS] 2026/05/23 01:44:48 GET /columns -> Status: Bad Request Duration: 0s
[ACCESS] 2026/05/23 01:44:49 GET /boards -> Status: OK Duration: 1.7877ms
[ACCESS] 2026/05/23 01:44:50 GET /columns -> Status: Bad Request Duration: 4.9683ms
[ACCESS] 2026/05/23 01:44:54 GET /boards -> Status: OK Duration: 5.1106ms
[ACCESS] 2026/05/23 01:44:55 GET /columns -> Status: Bad Request Duration: 7.4142ms
[ACCESS] 2026/05/23 01:45:23 GET /columns -> Status: Bad Request Duration: 3.606ms
[ACCESS] 2026/05/23 02:18:17 GET /boards -> Status: OK Duration: 68.5988ms
[ACCESS] 2026/05/23 02:18:20 GET /columns -> Status: Bad Request Duration: 0s
[ACCESS] 2026/05/23 02:18:23 GET /boards -> Status: OK Duration: 1.3989ms
[ACCESS] 2026/05/23 02:18:24 GET /columns -> Status: Bad Request Duration: 0s
[ACCESS] 2026/05/23 02:18:27 GET /boards -> Status: OK Duration: 1.7889ms
[ACCESS] 2026/05/23 02:18:36 POST /boards -> Status: Created Duration: 26.8632ms
[ACCESS] 2026/05/23 02:18:36 GET /boards -> Status: OK Duration: 1.183ms
[ACCESS] 2026/05/23 02:18:37 GET /columns -> Status: Bad Request Duration: 264.4µs
[ACCESS] 2026/05/23 02:18:48 GET /columns -> Status: Bad Request Duration: 0s
[ACCESS] 2026/05/23 02:18:49 GET /columns -> Status: Bad Request Duration: 0s
[ACCESS] 2026/05/23 02:18:49 GET /columns -> Status: Bad Request Duration: 0s
[ACCESS] 2026/05/23 02:18:49 GET /columns -> Status: Bad Request Duration: 0s
[ACCESS] 2026/05/23 02:18:49 GET /columns -> Status: Bad Request Duration: 0s
[ACCESS] 2026/05/23 02:18:50 GET /columns -> Status: Bad Request Duration: 0s
[ACCESS] 2026/05/23 02:18:58 GET /columns -> Status: Bad Request Duration: 0s
[ACCESS] 2026/05/23 02:20:27 GET /boards -> Status: OK Duration: 3.2807ms
[ACCESS] 2026/05/23 02:20:28 GET /columns -> Status: Bad Request Duration: 0s
[ACCESS] 2026/05/23 02:20:32 GET /boards -> Status: OK Duration: 1.5431ms
[ACCESS] 2026/05/23 02:20:36 GET /columns -> Status: Bad Request Duration: 0s
[ACCESS] 2026/05/23 02:21:49 GET /columns -> Status: Bad Request Duration: 0s
[ACCESS] 2026/05/23 02:21:51 GET /columns -> Status: Bad Request Duration: 0s
[ACCESS] 2026/05/23 02:21:56 GET /columns -> Status: Bad Request Duration: 1.3153ms
[ACCESS] 2026/05/23 02:22:01 GET /columns -> Status: Bad Request Duration: 9.5891ms
[ACCESS] 2026/05/23 02:23:14 GET /boards -> Status: OK Duration: 6.9534ms
[ACCESS] 2026/05/23 02:23:24 POST /boards -> Status: Created Duration: 24.9958ms
[ACCESS] 2026/05/23 02:23:24 GET /boards -> Status: OK Duration: 2.7306ms
[ACCESS] 2026/05/23 02:23:25 GET /columns -> Status: Bad Request Duration: 0s
[ACCESS] 2026/05/23 02:42:21 GET /columns -> Status: OK Duration: 44.6878ms
[ACCESS] 2026/05/23 02:42:35 POST /columns -> Status: OK Duration: 38.969ms
[ACCESS] 2026/05/23 02:42:35 GET /columns -> Status: OK Duration: 3.8032ms
[ACCESS] 2026/05/23 02:42:35 GET /tasks -> Status: OK Duration: 19.4572ms
[ACCESS] 2026/05/23 02:42:44 POST /tasks -> Status: OK Duration: 22.3044ms
[ACCESS] 2026/05/23 02:42:44 GET /columns -> Status: OK Duration: 6.4505ms
[ACCESS] 2026/05/23 02:42:44 GET /tasks -> Status: OK Duration: 65.9793ms
[ACCESS] 2026/05/23 02:43:02 POST /tasks -> Status: OK Duration: 16.0624ms
[ACCESS] 2026/05/23 02:43:02 GET /columns -> Status: OK Duration: 2.4914ms
[ACCESS] 2026/05/23 02:43:02 GET /tasks -> Status: OK Duration: 4.2519ms
[ACCESS] 2026/05/23 02:43:13 POST /columns -> Status: OK Duration: 14.31ms
[ACCESS] 2026/05/23 02:43:13 GET /columns -> Status: OK Duration: 4.5996ms
[ACCESS] 2026/05/23 02:43:13 GET /tasks -> Status: OK Duration: 5.0034ms
[ACCESS] 2026/05/23 02:43:13 GET /tasks -> Status: OK Duration: 2.0706ms
[ACCESS] 2026/05/23 02:43:15 PUT /tasks/32 -> Status: OK Duration: 26.9566ms
[ACCESS] 2026/05/23 02:43:15 GET /columns -> Status: OK Duration: 1.5274ms
[ACCESS] 2026/05/23 02:43:15 GET /tasks -> Status: OK Duration: 0s
[ACCESS] 2026/05/23 02:43:15 GET /tasks -> Status: OK Duration: 1.1277ms
[ACCESS] 2026/05/23 02:43:24 POST /columns -> Status: OK Duration: 10.8375ms
[ACCESS] 2026/05/23 02:43:24 GET /columns -> Status: OK Duration: 2.0582ms
[ACCESS] 2026/05/23 02:43:24 GET /tasks -> Status: OK Duration: 2.1704ms
[ACCESS] 2026/05/23 02:43:24 GET /tasks -> Status: OK Duration: 1.5683ms
[ACCESS] 2026/05/23 02:43:24 GET /tasks -> Status: OK Duration: 3.6451ms
[ACCESS] 2026/05/23 02:43:26 PUT /tasks/32 -> Status: OK Duration: 7.0045ms
[ACCESS] 2026/05/23 02:43:26 GET /columns -> Status: OK Duration: 1.5427ms
[ACCESS] 2026/05/23 02:43:26 GET /tasks -> Status: OK Duration: 7.5333ms
[ACCESS] 2026/05/23 02:43:26 GET /tasks -> Status: OK Duration: 838.8µs
[ACCESS] 2026/05/23 02:43:26 GET /tasks -> Status: OK Duration: 3.336ms
[ACCESS] 2026/05/23 02:44:12 GET /boards -> Status: OK Duration: 3.0894ms
[ACCESS] 2026/05/23 02:44:13 GET /columns -> Status: OK Duration: 2.4939ms
[ACCESS] 2026/05/23 02:44:13 GET /tasks -> Status: OK Duration: 2.6076ms
[ACCESS] 2026/05/23 02:44:13 GET /tasks -> Status: OK Duration: 2.2054ms
[ACCESS] 2026/05/23 02:44:13 GET /tasks -> Status: OK Duration: 1.775ms
[ACCESS] 2026/05/23 02:44:15 GET /boards -> Status: OK Duration: 7.1454ms
[ACCESS] 2026/05/23 02:44:15 GET /columns -> Status: OK Duration: 2.9835ms
[ACCESS] 2026/05/23 02:44:15 GET /tasks -> Status: OK Duration: 2.1551ms
[ACCESS] 2026/05/23 02:44:18 GET /boards -> Status: OK Duration: 2.0731ms
[ACCESS] 2026/05/23 02:44:19 GET /columns -> Status: OK Duration: 3.2506ms
[ACCESS] 2026/05/23 02:44:19 GET /tasks -> Status: OK Duration: 2.0596ms
[ACCESS] 2026/05/23 02:44:19 GET /tasks -> Status: OK Duration: 1.4586ms
[ACCESS] 2026/05/23 02:44:19 GET /tasks -> Status: OK Duration: 743.5µs
[ACCESS] 2026/05/23 02:49:13 GET /boards -> Status: OK Duration: 3.0895ms
[ACCESS] 2026/05/23 02:49:17 GET /columns -> Status: OK Duration: 3.0973ms
[ACCESS] 2026/05/23 02:49:17 GET /tasks -> Status: OK Duration: 5.427ms
[ACCESS] 2026/05/23 02:49:17 GET /tasks -> Status: OK Duration: 3.5867ms
[ACCESS] 2026/05/23 02:49:17 GET /tasks -> Status: OK Duration: 2.0967ms
[ACCESS] 2026/05/23 02:49:22 PUT /tasks/32 -> Status: OK Duration: 18.6153ms
[ACCESS] 2026/05/23 02:49:22 GET /columns -> Status: OK Duration: 3.7171ms
[ACCESS] 2026/05/23 02:49:22 GET /tasks -> Status: OK Duration: 5.5389ms
[ACCESS] 2026/05/23 02:49:22 GET /tasks -> Status: OK Duration: 4.1621ms
[ACCESS] 2026/05/23 02:49:22 GET /tasks -> Status: OK Duration: 2.2017ms
[ACCESS] 2026/05/23 02:49:26 GET /boards -> Status: OK Duration: 2.4339ms
[ACCESS] 2026/05/23 02:49:39 GET /columns -> Status: OK Duration: 3.6391ms
[ACCESS] 2026/05/23 02:49:39 GET /tasks -> Status: OK Duration: 2.148ms
[ACCESS] 2026/05/23 02:49:39 GET /tasks -> Status: OK Duration: 2.3613ms
[ACCESS] 2026/05/23 02:49:39 GET /tasks -> Status: OK Duration: 2.0088ms
[ACCESS] 2026/05/23 02:52:16 GET /columns -> Status: OK Duration: 3.0862ms
[ACCESS] 2026/05/23 02:52:16 GET /tasks -> Status: OK Duration: 1.2396ms
[ACCESS] 2026/05/23 02:52:16 GET /tasks -> Status: OK Duration: 670.5µs
[ACCESS] 2026/05/23 02:52:16 GET /tasks -> Status: OK Duration: 1.8579ms
[ACCESS] 2026/05/23 02:52:21 GET /columns -> Status: OK Duration: 1.6788ms
[ACCESS] 2026/05/23 02:52:21 GET /tasks -> Status: OK Duration: 1.375ms
[ACCESS] 2026/05/23 02:52:21 GET /tasks -> Status: OK Duration: 1.6333ms
[ACCESS] 2026/05/23 02:52:21 GET /tasks -> Status: OK Duration: 789.6µs
[ACCESS] 2026/05/23 02:53:08 GET /columns -> Status: OK Duration: 3.973ms
[ACCESS] 2026/05/23 02:53:08 GET /tasks -> Status: OK Duration: 695.9µs
[ACCESS] 2026/05/23 02:53:08 GET /tasks -> Status: OK Duration: 1.1648ms
[ACCESS] 2026/05/23 02:53:08 GET /tasks -> Status: OK Duration: 676.2µs
[ACCESS] 2026/05/23 02:53:13 GET /columns -> Status: OK Duration: 2.7761ms
[ACCESS] 2026/05/23 02:53:13 GET /tasks -> Status: OK Duration: 1.4346ms
[ACCESS] 2026/05/23 02:53:13 GET /tasks -> Status: OK Duration: 2.8042ms
[ACCESS] 2026/05/23 02:53:13 GET /tasks -> Status: OK Duration: 852.4µs
[ACCESS] 2026/05/23 02:53:18 GET /columns -> Status: OK Duration: 5.2431ms
[ACCESS] 2026/05/23 02:53:18 GET /tasks -> Status: OK Duration: 2.2387ms
[ACCESS] 2026/05/23 02:53:18 GET /tasks -> Status: OK Duration: 1.3203ms
[ACCESS] 2026/05/23 02:53:18 GET /tasks -> Status: OK Duration: 3.0339ms
[ACCESS] 2026/05/23 02:53:22 GET /columns -> Status: OK Duration: 4.6632ms
[ACCESS] 2026/05/23 02:53:22 GET /tasks -> Status: OK Duration: 1.5014ms
[ACCESS] 2026/05/23 02:53:22 GET /tasks -> Status: OK Duration: 1.7827ms
[ACCESS] 2026/05/23 02:53:22 GET /tasks -> Status: OK Duration: 1.957ms
[ACCESS] 2026/05/23 02:53:23 GET /columns -> Status: OK Duration: 3.6715ms
[ACCESS] 2026/05/23 02:53:23 GET /tasks -> Status: OK Duration: 2.844ms
[ACCESS] 2026/05/23 02:53:23 GET /tasks -> Status: OK Duration: 3.5405ms
[ACCESS] 2026/05/23 02:53:23 GET /tasks -> Status: OK Duration: 5.569ms
[ACCESS] 2026/05/23 02:53:29 GET /columns -> Status: OK Duration: 6.8997ms
[ACCESS] 2026/05/23 02:53:29 GET /tasks -> Status: OK Duration: 4.2766ms
[ACCESS] 2026/05/23 02:53:29 GET /tasks -> Status: OK Duration: 2.1605ms
[ACCESS] 2026/05/23 02:53:29 GET /tasks -> Status: OK Duration: 5.296ms
[ACCESS] 2026/05/23 02:53:34 GET /columns -> Status: OK Duration: 2.6985ms
[ACCESS] 2026/05/23 02:53:34 GET /tasks -> Status: OK Duration: 2.2793ms
[ACCESS] 2026/05/23 02:53:34 GET /tasks -> Status: OK Duration: 2.0979ms
[ACCESS] 2026/05/23 02:53:34 GET /tasks -> Status: OK Duration: 2.0264ms
[ACCESS] 2026/05/23 02:53:45 GET /columns -> Status: OK Duration: 8.4044ms
[ACCESS] 2026/05/23 02:53:45 GET /tasks -> Status: OK Duration: 1.9087ms
[ACCESS] 2026/05/23 02:53:45 GET /tasks -> Status: OK Duration: 944.8µs
[ACCESS] 2026/05/23 02:53:45 GET /tasks -> Status: OK Duration: 1.5678ms
[ACCESS] 2026/05/23 02:53:50 GET /columns -> Status: OK Duration: 694.2µs
[ACCESS] 2026/05/23 02:53:50 GET /tasks -> Status: OK Duration: 2.6046ms
[ACCESS] 2026/05/23 02:53:50 GET /tasks -> Status: OK Duration: 997.7µs
[ACCESS] 2026/05/23 02:53:50 GET /tasks -> Status: OK Duration: 2.9802ms
[ACCESS] 2026/05/23 02:53:55 GET /columns -> Status: OK Duration: 2.1248ms
[ACCESS] 2026/05/23 02:53:55 GET /tasks -> Status: OK Duration: 8.7431ms
[ACCESS] 2026/05/23 02:53:55 GET /tasks -> Status: OK Duration: 4.0078ms
[ACCESS] 2026/05/23 02:53:55 GET /tasks -> Status: OK Duration: 2.3869ms
[ACCESS] 2026/05/23 02:54:00 GET /columns -> Status: OK Duration: 4.1253ms
[ACCESS] 2026/05/23 02:54:01 GET /tasks -> Status: OK Duration: 1.9383ms
[ACCESS] 2026/05/23 02:54:01 GET /tasks -> Status: OK Duration: 2.2088ms
[ACCESS] 2026/05/23 02:54:01 GET /tasks -> Status: OK Duration: 1.9998ms
[ACCESS] 2026/05/23 02:54:04 GET /columns -> Status: OK Duration: 2.1643ms
[ACCESS] 2026/05/23 02:54:04 GET /tasks -> Status: OK Duration: 2.0154ms
[ACCESS] 2026/05/23 02:54:04 GET /tasks -> Status: OK Duration: 5.4636ms
[ACCESS] 2026/05/23 02:54:04 GET /tasks -> Status: OK Duration: 2.3788ms
[ACCESS] 2026/05/23 02:54:06 GET /columns -> Status: OK Duration: 3.0639ms
[ACCESS] 2026/05/23 02:54:06 GET /tasks -> Status: OK Duration: 1.5014ms
[ACCESS] 2026/05/23 02:54:06 GET /tasks -> Status: OK Duration: 2.2399ms
[ACCESS] 2026/05/23 02:54:06 GET /tasks -> Status: OK Duration: 1.71ms
[ACCESS] 2026/05/23 02:54:11 GET /columns -> Status: OK Duration: 6.3959ms
[ACCESS] 2026/05/23 02:54:11 GET /tasks -> Status: OK Duration: 2.249ms
[ACCESS] 2026/05/23 02:54:11 GET /tasks -> Status: OK Duration: 4.3329ms
[ACCESS] 2026/05/23 02:54:11 GET /tasks -> Status: OK Duration: 3.1527ms
[ACCESS] 2026/05/23 02:54:16 GET /columns -> Status: OK Duration: 10.4381ms
[ACCESS] 2026/05/23 02:54:16 GET /tasks -> Status: OK Duration: 1.1415ms
[ACCESS] 2026/05/23 02:54:16 GET /tasks -> Status: OK Duration: 3.3823ms
[ACCESS] 2026/05/23 02:54:16 GET /tasks -> Status: OK Duration: 3.496ms
[ACCESS] 2026/05/23 02:54:27 GET /columns -> Status: OK Duration: 2.6419ms
[ACCESS] 2026/05/23 02:54:27 GET /tasks -> Status: OK Duration: 947.2µs
[ACCESS] 2026/05/23 02:54:27 GET /tasks -> Status: OK Duration: 2.2977ms
[ACCESS] 2026/05/23 02:54:27 GET /tasks -> Status: OK Duration: 701.4µs
[ACCESS] 2026/05/23 02:54:33 GET /columns -> Status: OK Duration: 5.5553ms
[ACCESS] 2026/05/23 02:54:33 GET /tasks -> Status: OK Duration: 1.9211ms
[ACCESS] 2026/05/23 02:54:33 GET /tasks -> Status: OK Duration: 3.9305ms
[ACCESS] 2026/05/23 02:54:33 GET /tasks -> Status: OK Duration: 1.3305ms
[ACCESS] 2026/05/23 02:54:38 GET /columns -> Status: OK Duration: 4ms
[ACCESS] 2026/05/23 02:54:38 GET /tasks -> Status: OK Duration: 7.6536ms
[ACCESS] 2026/05/23 02:54:38 GET /tasks -> Status: OK Duration: 2.7616ms
[ACCESS] 2026/05/23 02:54:38 GET /tasks -> Status: OK Duration: 4.2919ms
[ACCESS] 2026/05/23 02:54:43 GET /columns -> Status: OK Duration: 5.1088ms
[ACCESS] 2026/05/23 02:54:43 GET /tasks -> Status: OK Duration: 1.9389ms
[ACCESS] 2026/05/23 02:54:43 GET /tasks -> Status: OK Duration: 2.2126ms
[ACCESS] 2026/05/23 02:54:43 GET /tasks -> Status: OK Duration: 2.228ms
[ACCESS] 2026/05/23 02:54:48 GET /columns -> Status: OK Duration: 2.9764ms
[ACCESS] 2026/05/23 02:54:48 GET /tasks -> Status: OK Duration: 1.6584ms
[ACCESS] 2026/05/23 02:54:48 GET /tasks -> Status: OK Duration: 3.481ms
[ACCESS] 2026/05/23 02:54:48 GET /tasks -> Status: OK Duration: 5.747ms
[ACCESS] 2026/05/23 02:55:26 GET /columns -> Status: OK Duration: 3.6711ms
[ACCESS] 2026/05/23 02:55:26 GET /tasks -> Status: OK Duration: 1.3673ms
[ACCESS] 2026/05/23 02:55:26 GET /tasks -> Status: OK Duration: 1.782ms
[ACCESS] 2026/05/23 02:55:26 GET /tasks -> Status: OK Duration: 1.1178ms
[ACCESS] 2026/05/23 02:55:31 GET /columns -> Status: OK Duration: 3.5361ms
[ACCESS] 2026/05/23 02:55:32 GET /tasks -> Status: OK Duration: 1.7215ms
[ACCESS] 2026/05/23 02:55:32 GET /tasks -> Status: OK Duration: 1.2734ms
[ACCESS] 2026/05/23 02:55:32 GET /tasks -> Status: OK Duration: 1.5448ms
[ACCESS] 2026/05/23 02:55:37 GET /columns -> Status: OK Duration: 2.3722ms
[ACCESS] 2026/05/23 02:55:37 GET /tasks -> Status: OK Duration: 6.083ms
[ACCESS] 2026/05/23 02:55:37 GET /tasks -> Status: OK Duration: 1.6536ms
[ACCESS] 2026/05/23 02:55:37 GET /tasks -> Status: OK Duration: 2.7296ms
[ACCESS] 2026/05/23 02:55:42 GET /columns -> Status: OK Duration: 2.824ms
[ACCESS] 2026/05/23 02:55:42 GET /tasks -> Status: OK Duration: 4.1941ms
[ACCESS] 2026/05/23 02:55:42 GET /tasks -> Status: OK Duration: 2.0212ms
[ACCESS] 2026/05/23 02:55:42 GET /tasks -> Status: OK Duration: 7.1252ms
[ACCESS] 2026/05/23 02:57:03 GET /columns -> Status: OK Duration: 3.9761ms
[ACCESS] 2026/05/23 02:57:03 GET /tasks -> Status: OK Duration: 4.3384ms
[ACCESS] 2026/05/23 02:57:03 GET /tasks -> Status: OK Duration: 1.2885ms
[ACCESS] 2026/05/23 02:57:03 GET /tasks -> Status: OK Duration: 2.1303ms
[ACCESS] 2026/05/23 02:57:08 GET /columns -> Status: OK Duration: 3.3048ms
[ACCESS] 2026/05/23 02:57:08 GET /tasks -> Status: OK Duration: 814.5µs
[ACCESS] 2026/05/23 02:57:08 GET /tasks -> Status: OK Duration: 1.8425ms
[ACCESS] 2026/05/23 02:57:08 GET /tasks -> Status: OK Duration: 2.0237ms
[ACCESS] 2026/05/23 02:57:13 GET /columns -> Status: OK Duration: 1.612ms
[ACCESS] 2026/05/23 02:57:13 GET /tasks -> Status: OK Duration: 3.1156ms
[ACCESS] 2026/05/23 02:57:13 GET /tasks -> Status: OK Duration: 3.4815ms
[ACCESS] 2026/05/23 02:57:13 GET /tasks -> Status: OK Duration: 3.8345ms
[ACCESS] 2026/05/23 02:57:18 GET /columns -> Status: OK Duration: 2.6003ms
[ACCESS] 2026/05/23 02:57:18 GET /tasks -> Status: OK Duration: 1.3514ms
[ACCESS] 2026/05/23 02:57:18 GET /tasks -> Status: OK Duration: 1.6701ms
[ACCESS] 2026/05/23 02:57:18 GET /tasks -> Status: OK Duration: 1.8576ms
[ACCESS] 2026/05/23 02:57:37 GET /columns -> Status: OK Duration: 5.7366ms
[ACCESS] 2026/05/23 02:57:37 GET /tasks -> Status: OK Duration: 1.792ms
[ACCESS] 2026/05/23 02:57:37 GET /tasks -> Status: OK Duration: 777.5µs
[ACCESS] 2026/05/23 02:57:37 GET /tasks -> Status: OK Duration: 677.8µs
[ACCESS] 2026/05/23 02:58:18 GET /columns -> Status: OK Duration: 3.2804ms
[ACCESS] 2026/05/23 02:58:18 GET /tasks -> Status: OK Duration: 1.6255ms
[ACCESS] 2026/05/23 02:58:18 GET /tasks -> Status: OK Duration: 1.8621ms
[ACCESS] 2026/05/23 02:58:19 GET /tasks -> Status: OK Duration: 1.6649ms
[ACCESS] 2026/05/23 02:58:23 GET /boards -> Status: OK Duration: 3.0041ms
[ACCESS] 2026/05/23 02:58:24 GET /columns -> Status: OK Duration: 3.428ms
[ACCESS] 2026/05/23 02:58:24 GET /tasks -> Status: OK Duration: 3.8435ms
[ACCESS] 2026/05/23 02:58:24 GET /tasks -> Status: OK Duration: 2.9555ms
[ACCESS] 2026/05/23 02:58:24 GET /tasks -> Status: OK Duration: 3.4862ms
[ACCESS] 2026/05/23 02:58:33 PUT /tasks/32 -> Status: OK Duration: 14.793ms
[ACCESS] 2026/05/23 02:58:33 GET /columns -> Status: OK Duration: 1.8636ms
[ACCESS] 2026/05/23 02:58:33 GET /tasks -> Status: OK Duration: 4.1055ms
[ACCESS] 2026/05/23 02:58:33 GET /tasks -> Status: OK Duration: 721.2µs
[ACCESS] 2026/05/23 02:58:33 GET /tasks -> Status: OK Duration: 2.2289ms
[ACCESS] 2026/05/23 02:58:34 PUT /tasks/33 -> Status: OK Duration: 19.258ms
[ACCESS] 2026/05/23 02:58:34 GET /columns -> Status: OK Duration: 1.9283ms
[ACCESS] 2026/05/23 02:58:34 GET /tasks -> Status: OK Duration: 5.731ms
[ACCESS] 2026/05/23 02:58:34 GET /tasks -> Status: OK Duration: 4.1228ms
[ACCESS] 2026/05/23 02:58:34 GET /tasks -> Status: OK Duration: 1.7458ms
[ACCESS] 2026/05/23 03:00:11 GET /columns -> Status: OK Duration: 3.3068ms
[ACCESS] 2026/05/23 03:00:11 GET /tasks -> Status: OK Duration: 851.4µs
[ACCESS] 2026/05/23 03:00:11 GET /tasks -> Status: OK Duration: 2.3404ms
[ACCESS] 2026/05/23 03:00:11 GET /tasks -> Status: OK Duration: 1.232ms
[ACCESS] 2026/05/23 03:00:16 GET /columns -> Status: OK Duration: 2.5006ms
[ACCESS] 2026/05/23 03:00:16 GET /tasks -> Status: OK Duration: 2.002ms
[ACCESS] 2026/05/23 03:00:16 GET /tasks -> Status: OK Duration: 3.6367ms
[ACCESS] 2026/05/23 03:00:16 GET /tasks -> Status: OK Duration: 2.955ms
[ACCESS] 2026/05/23 03:00:20 GET /columns -> Status: OK Duration: 4.7337ms
[ACCESS] 2026/05/23 03:00:20 GET /tasks -> Status: OK Duration: 1.9986ms
[ACCESS] 2026/05/23 03:00:20 GET /tasks -> Status: OK Duration: 6.5146ms
[ACCESS] 2026/05/23 03:00:20 GET /tasks -> Status: OK Duration: 3.4984ms
[ACCESS] 2026/05/23 03:00:21 GET /columns -> Status: OK Duration: 3.7541ms
[ACCESS] 2026/05/23 03:00:21 GET /tasks -> Status: OK Duration: 3.5562ms
[ACCESS] 2026/05/23 03:00:21 GET /tasks -> Status: OK Duration: 3.9266ms
[ACCESS] 2026/05/23 03:00:21 GET /tasks -> Status: OK Duration: 3.9609ms
[ACCESS] 2026/05/23 03:01:11 GET /columns -> Status: OK Duration: 2.7284ms
[ACCESS] 2026/05/23 03:01:11 GET /tasks -> Status: OK Duration: 1.7372ms
[ACCESS] 2026/05/23 03:01:11 GET /tasks -> Status: OK Duration: 1.9082ms
[ACCESS] 2026/05/23 03:01:11 GET /tasks -> Status: OK Duration: 2.2776ms
[ACCESS] 2026/05/23 03:01:16 GET /columns -> Status: OK Duration: 4.5879ms
[ACCESS] 2026/05/23 03:01:16 GET /tasks -> Status: OK Duration: 822.4µs
[ACCESS] 2026/05/23 03:01:16 GET /tasks -> Status: OK Duration: 2.2647ms
[ACCESS] 2026/05/23 03:01:16 GET /tasks -> Status: OK Duration: 2.4873ms
[ACCESS] 2026/05/23 03:01:21 GET /columns -> Status: OK Duration: 4.1873ms
[ACCESS] 2026/05/23 03:01:21 GET /tasks -> Status: OK Duration: 1.0729ms
[ACCESS] 2026/05/23 03:01:21 GET /tasks -> Status: OK Duration: 6.2846ms
[ACCESS] 2026/05/23 03:01:21 GET /tasks -> Status: OK Duration: 5.8025ms
[ACCESS] 2026/05/23 03:01:26 GET /columns -> Status: OK Duration: 12.1164ms
[ACCESS] 2026/05/23 03:01:26 GET /tasks -> Status: OK Duration: 951.8µs
[ACCESS] 2026/05/23 03:01:26 GET /tasks -> Status: OK Duration: 3.0869ms
[ACCESS] 2026/05/23 03:01:26 GET /tasks -> Status: OK Duration: 4.8693ms
[ACCESS] 2026/05/23 03:01:32 GET /columns -> Status: OK Duration: 1.649ms
[ACCESS] 2026/05/23 03:01:32 GET /tasks -> Status: OK Duration: 1.6322ms
[ACCESS] 2026/05/23 03:01:32 GET /tasks -> Status: OK Duration: 8.0505ms
[ACCESS] 2026/05/23 03:01:32 GET /tasks -> Status: OK Duration: 4.613ms
[ACCESS] 2026/05/23 03:01:37 GET /columns -> Status: OK Duration: 2.3452ms
[ACCESS] 2026/05/23 03:01:37 GET /tasks -> Status: OK Duration: 3.0938ms
[ACCESS] 2026/05/23 03:01:37 GET /tasks -> Status: OK Duration: 1.9418ms
[ACCESS] 2026/05/23 03:01:37 GET /tasks -> Status: OK Duration: 2.1321ms
[ACCESS] 2026/05/23 03:01:42 GET /columns -> Status: OK Duration: 3.3615ms
[ACCESS] 2026/05/23 03:01:42 GET /tasks -> Status: OK Duration: 1.1883ms
[ACCESS] 2026/05/23 03:01:42 GET /tasks -> Status: OK Duration: 1.9727ms
[ACCESS] 2026/05/23 03:01:42 GET /tasks -> Status: OK Duration: 8.2ms
[ACCESS] 2026/05/23 03:01:47 GET /columns -> Status: OK Duration: 10.7655ms
[ACCESS] 2026/05/23 03:01:47 GET /tasks -> Status: OK Duration: 3.9411ms
[ACCESS] 2026/05/23 03:01:47 GET /tasks -> Status: OK Duration: 2.9302ms
[ACCESS] 2026/05/23 03:01:47 GET /tasks -> Status: OK Duration: 4.3894ms
[ACCESS] 2026/05/23 03:03:23 GET /columns -> Status: OK Duration: 3.9773ms
[ACCESS] 2026/05/23 03:03:23 GET /tasks -> Status: OK Duration: 1.8235ms
[ACCESS] 2026/05/23 03:03:23 GET /tasks -> Status: OK Duration: 2.0908ms
[ACCESS] 2026/05/23 03:03:23 GET /tasks -> Status: OK Duration: 2.0129ms
[ACCESS] 2026/05/23 03:05:01 DELETE /tasks/33 -> Status: OK Duration: 3.6239ms
[ACCESS] 2026/05/23 03:05:13 GET /columns -> Status: OK Duration: 6.4462ms
[ACCESS] 2026/05/23 03:05:13 GET /tasks -> Status: OK Duration: 3.2096ms
[ACCESS] 2026/05/23 03:05:13 GET /tasks -> Status: OK Duration: 1.7417ms
[ACCESS] 2026/05/23 03:05:13 GET /tasks -> Status: OK Duration: 1.3617ms
[ACCESS] 2026/05/23 03:05:57 GET /columns -> Status: OK Duration: 2.3454ms
[ACCESS] 2026/05/23 03:05:57 GET /tasks -> Status: OK Duration: 881.9µs
[ACCESS] 2026/05/23 03:05:57 GET /tasks -> Status: OK Duration: 655µs
[ACCESS] 2026/05/23 03:05:57 GET /tasks -> Status: OK Duration: 2.6302ms
[ACCESS] 2026/05/23 03:08:13 GET /columns -> Status: OK Duration: 5.6713ms
[ACCESS] 2026/05/23 03:08:13 GET /tasks -> Status: OK Duration: 618.7µs
[ACCESS] 2026/05/23 03:08:13 GET /tasks -> Status: OK Duration: 795.8µs
[ACCESS] 2026/05/23 03:08:13 GET /tasks -> Status: OK Duration: 1.3228ms
[ACCESS] 2026/05/23 03:08:18 GET /columns -> Status: OK Duration: 7.6395ms
[ACCESS] 2026/05/23 03:08:18 GET /tasks -> Status: OK Duration: 2.7219ms
[ACCESS] 2026/05/23 03:08:18 GET /tasks -> Status: OK Duration: 4.7924ms
[ACCESS] 2026/05/23 03:08:18 GET /tasks -> Status: OK Duration: 3.6865ms
[ACCESS] 2026/05/23 03:08:23 GET /columns -> Status: OK Duration: 5.6381ms
[ACCESS] 2026/05/23 03:08:23 GET /tasks -> Status: OK Duration: 1.1335ms
[ACCESS] 2026/05/23 03:08:23 GET /tasks -> Status: OK Duration: 1.0038ms
[ACCESS] 2026/05/23 03:08:23 GET /tasks -> Status: OK Duration: 5.1949ms
[ACCESS] 2026/05/23 03:08:58 GET /columns -> Status: OK Duration: 1.272ms
[ACCESS] 2026/05/23 03:08:58 GET /tasks -> Status: OK Duration: 754.2µs
[ACCESS] 2026/05/23 03:08:58 GET /tasks -> Status: OK Duration: 716.6µs
[ACCESS] 2026/05/23 03:08:58 GET /tasks -> Status: OK Duration: 1.2206ms
[ACCESS] 2026/05/23 03:09:03 GET /columns -> Status: OK Duration: 7.1468ms
[ACCESS] 2026/05/23 03:09:03 GET /tasks -> Status: OK Duration: 2.2338ms
[ACCESS] 2026/05/23 03:09:03 GET /tasks -> Status: OK Duration: 1.6144ms
[ACCESS] 2026/05/23 03:09:03 GET /tasks -> Status: OK Duration: 3.5751ms
[ACCESS] 2026/05/23 03:09:08 GET /columns -> Status: OK Duration: 10.8023ms
[ACCESS] 2026/05/23 03:09:08 GET /tasks -> Status: OK Duration: 1.171ms
[ACCESS] 2026/05/23 03:09:08 GET /tasks -> Status: OK Duration: 1.1486ms
[ACCESS] 2026/05/23 03:09:08 GET /tasks -> Status: OK Duration: 5.6481ms
[ACCESS] 2026/05/23 03:11:18 GET /columns -> Status: OK Duration: 3.8237ms
[ACCESS] 2026/05/23 03:11:18 GET /tasks -> Status: OK Duration: 998.9µs
[ACCESS] 2026/05/23 03:11:18 GET /tasks -> Status: OK Duration: 1.2641ms
[ACCESS] 2026/05/23 03:11:18 GET /tasks -> Status: OK Duration: 1.5737ms
[ACCESS] 2026/05/23 03:11:25 POST /tasks -> Status: OK Duration: 16.7258ms
[ACCESS] 2026/05/23 03:11:25 GET /columns -> Status: OK Duration: 4.2069ms
[ACCESS] 2026/05/23 03:11:25 GET /tasks -> Status: OK Duration: 2.8583ms
[ACCESS] 2026/05/23 03:11:25 GET /tasks -> Status: OK Duration: 3.4399ms
[ACCESS] 2026/05/23 03:11:25 GET /tasks -> Status: OK Duration: 5.6814ms
[ACCESS] 2026/05/23 03:11:39 DELETE /tasks/34 -> Status: OK Duration: 27.9604ms
[ACCESS] 2026/05/23 03:13:21 GET /columns -> Status: OK Duration: 2.3516ms
[ACCESS] 2026/05/23 03:13:21 GET /tasks -> Status: OK Duration: 1.4798ms
[ACCESS] 2026/05/23 03:13:21 GET /tasks -> Status: OK Duration: 1.6204ms
[ACCESS] 2026/05/23 03:13:21 GET /tasks -> Status: OK Duration: 1.8012ms
[ACCESS] 2026/05/23 03:13:26 GET /columns -> Status: OK Duration: 5.5755ms
[ACCESS] 2026/05/23 03:13:26 GET /tasks -> Status: OK Duration: 3.8747ms
[ACCESS] 2026/05/23 03:13:26 GET /tasks -> Status: OK Duration: 4.6377ms
[ACCESS] 2026/05/23 03:13:26 GET /tasks -> Status: OK Duration: 7.3104ms
[ACCESS] 2026/05/23 03:13:31 GET /columns -> Status: OK Duration: 2.1114ms
[ACCESS] 2026/05/23 03:13:31 GET /tasks -> Status: OK Duration: 1.0573ms
[ACCESS] 2026/05/23 03:13:31 GET /tasks -> Status: OK Duration: 784.7µs
[ACCESS] 2026/05/23 03:13:31 GET /tasks -> Status: OK Duration: 2.208ms
[ACCESS] 2026/05/23 03:13:36 GET /columns -> Status: OK Duration: 1.2327ms
[ACCESS] 2026/05/23 03:13:36 GET /tasks -> Status: OK Duration: 2.806ms
[ACCESS] 2026/05/23 03:13:37 GET /tasks -> Status: OK Duration: 2.231ms
[ACCESS] 2026/05/23 03:13:37 GET /tasks -> Status: OK Duration: 1.0955ms
[ACCESS] 2026/05/23 03:13:42 GET /columns -> Status: OK Duration: 1.9901ms
[ACCESS] 2026/05/23 03:13:42 GET /tasks -> Status: OK Duration: 1.2366ms
[ACCESS] 2026/05/23 03:13:42 GET /tasks -> Status: OK Duration: 1.0011ms
[ACCESS] 2026/05/23 03:13:42 GET /tasks -> Status: OK Duration: 1.3264ms
[ACCESS] 2026/05/23 03:13:47 GET /columns -> Status: OK Duration: 4.5819ms
[ACCESS] 2026/05/23 03:13:47 GET /tasks -> Status: OK Duration: 1.9786ms
[ACCESS] 2026/05/23 03:13:47 GET /tasks -> Status: OK Duration: 617.3µs
[ACCESS] 2026/05/23 03:13:47 GET /tasks -> Status: OK Duration: 1.2425ms
[ACCESS] 2026/05/23 03:13:52 GET /columns -> Status: OK Duration: 5.5277ms
[ACCESS] 2026/05/23 03:13:52 GET /tasks -> Status: OK Duration: 1.0733ms
[ACCESS] 2026/05/23 03:13:52 GET /tasks -> Status: OK Duration: 1.7102ms
[ACCESS] 2026/05/23 03:13:52 GET /tasks -> Status: OK Duration: 2.1627ms
[ACCESS] 2026/05/23 03:13:57 GET /columns -> Status: OK Duration: 1.3192ms
[ACCESS] 2026/05/23 03:13:57 GET /tasks -> Status: OK Duration: 1.2538ms
[ACCESS] 2026/05/23 03:13:57 GET /tasks -> Status: OK Duration: 3.112ms
[ACCESS] 2026/05/23 03:13:57 GET /tasks -> Status: OK Duration: 1.7629ms
[ACCESS] 2026/05/23 03:14:02 GET /columns -> Status: OK Duration: 2.9506ms
[ACCESS] 2026/05/23 03:14:02 GET /tasks -> Status: OK Duration: 502.9µs
[ACCESS] 2026/05/23 03:14:02 GET /tasks -> Status: OK Duration: 722.6µs
[ACCESS] 2026/05/23 03:14:02 GET /tasks -> Status: OK Duration: 1.1063ms
[ACCESS] 2026/05/23 03:14:07 GET /columns -> Status: OK Duration: 4.7642ms
[ACCESS] 2026/05/23 03:14:07 GET /tasks -> Status: OK Duration: 1.5007ms
[ACCESS] 2026/05/23 03:14:07 GET /tasks -> Status: OK Duration: 1.233ms
[ACCESS] 2026/05/23 03:14:07 GET /tasks -> Status: OK Duration: 2.6248ms
[ACCESS] 2026/05/23 03:14:12 GET /columns -> Status: OK Duration: 9.1839ms
[ACCESS] 2026/05/23 03:14:12 GET /tasks -> Status: OK Duration: 5.525ms
[ACCESS] 2026/05/23 03:14:12 GET /tasks -> Status: OK Duration: 1.4565ms
[ACCESS] 2026/05/23 03:14:12 GET /tasks -> Status: OK Duration: 2.1135ms
[ACCESS] 2026/05/23 03:14:13 GET /columns -> Status: OK Duration: 1.6578ms
[ACCESS] 2026/05/23 03:14:13 GET /tasks -> Status: OK Duration: 1.0803ms
[ACCESS] 2026/05/23 03:14:13 GET /tasks -> Status: OK Duration: 1.3354ms
[ACCESS] 2026/05/23 03:14:13 GET /tasks -> Status: OK Duration: 637.5µs
[ACCESS] 2026/05/23 03:14:26 GET /columns -> Status: OK Duration: 1.9558ms
[ACCESS] 2026/05/23 03:14:26 GET /tasks -> Status: OK Duration: 1.8207ms
[ACCESS] 2026/05/23 03:14:26 GET /tasks -> Status: OK Duration: 2.1295ms
[ACCESS] 2026/05/23 03:14:26 GET /tasks -> Status: OK Duration: 1.4211ms
[ACCESS] 2026/05/23 03:14:31 GET /columns -> Status: OK Duration: 1.4604ms
[ACCESS] 2026/05/23 03:14:31 GET /tasks -> Status: OK Duration: 702.7µs
[ACCESS] 2026/05/23 03:14:31 GET /tasks -> Status: OK Duration: 1.1754ms
[ACCESS] 2026/05/23 03:14:31 GET /tasks -> Status: OK Duration: 846.2µs
[ACCESS] 2026/05/23 03:15:10 GET /tasks/archive -> Status: OK Duration: 13.0948ms
[ACCESS] 2026/05/23 03:15:59 GET /columns -> Status: OK Duration: 2.7943ms
[ACCESS] 2026/05/23 03:15:59 GET /tasks -> Status: OK Duration: 1.6052ms
[ACCESS] 2026/05/23 03:15:59 GET /tasks -> Status: OK Duration: 1.5689ms
[ACCESS] 2026/05/23 03:15:59 GET /tasks -> Status: OK Duration: 68.261ms
[ACCESS] 2026/05/23 03:21:51 GET /columns -> Status: OK Duration: 3.3835ms
[ACCESS] 2026/05/23 03:21:51 GET /tasks -> Status: OK Duration: 3.2757ms
[ACCESS] 2026/05/23 03:21:51 GET /tasks -> Status: OK Duration: 1.9979ms
[ACCESS] 2026/05/23 03:21:51 GET /tasks -> Status: OK Duration: 4.1941ms
[ACCESS] 2026/05/23 03:23:06 GET /columns -> Status: OK Duration: 1.8104ms
[ACCESS] 2026/05/23 03:23:06 GET /tasks -> Status: OK Duration: 2.0151ms
[ACCESS] 2026/05/23 03:23:06 GET /tasks -> Status: OK Duration: 2.2685ms
[ACCESS] 2026/05/23 03:23:06 GET /tasks -> Status: OK Duration: 2.0743ms
[ACCESS] 2026/05/23 03:23:22 GET /columns -> Status: OK Duration: 2.2877ms
[ACCESS] 2026/05/23 03:23:23 GET /tasks -> Status: OK Duration: 85.0972ms
[ACCESS] 2026/05/23 03:23:23 GET /tasks -> Status: OK Duration: 1.1767ms
[ACCESS] 2026/05/23 03:23:23 GET /tasks -> Status: OK Duration: 2.1822ms
[ACCESS] 2026/05/23 03:23:27 GET /columns -> Status: OK Duration: 2.8483ms
[ACCESS] 2026/05/23 03:23:27 GET /tasks -> Status: OK Duration: 1.234ms
[ACCESS] 2026/05/23 03:23:27 GET /tasks -> Status: OK Duration: 713.4µs
[ACCESS] 2026/05/23 03:23:27 GET /tasks -> Status: OK Duration: 2.0326ms
[ACCESS] 2026/05/23 03:27:16 GET /boards -> Status: OK Duration: 2.2065ms
[ACCESS] 2026/05/23 03:27:59 GET /columns -> Status: OK Duration: 8.338ms
[ACCESS] 2026/05/23 03:27:59 GET /tasks -> Status: OK Duration: 4.7253ms
[ACCESS] 2026/05/23 03:27:59 GET /tasks -> Status: OK Duration: 3.6165ms
[ACCESS] 2026/05/23 03:27:59 GET /tasks -> Status: OK Duration: 2.768ms
[ACCESS] 2026/05/23 03:28:03 GET /columns -> Status: OK Duration: 3.8115ms
[ACCESS] 2026/05/23 03:28:03 GET /tasks -> Status: OK Duration: 1.676ms
[ACCESS] 2026/05/23 03:28:03 GET /tasks -> Status: OK Duration: 4.4218ms
[ACCESS] 2026/05/23 03:28:03 GET /tasks -> Status: OK Duration: 2.1436ms
[ACCESS] 2026/05/23 03:31:40 GET /columns -> Status: OK Duration: 5.1833ms
[ACCESS] 2026/05/23 03:31:40 GET /tasks -> Status: OK Duration: 3.7608ms
[ACCESS] 2026/05/23 03:31:40 GET /tasks -> Status: OK Duration: 2.9028ms
[ACCESS] 2026/05/23 03:31:40 GET /tasks -> Status: OK Duration: 2.904ms
[ACCESS] 2026/05/23 03:31:41 GET /columns -> Status: OK Duration: 3.3832ms
[ACCESS] 2026/05/23 03:31:41 GET /tasks -> Status: OK Duration: 1.5415ms
[ACCESS] 2026/05/23 03:31:41 GET /tasks -> Status: OK Duration: 1.5097ms
[ACCESS] 2026/05/23 03:31:41 GET /tasks -> Status: OK Duration: 6.9383ms
[ACCESS] 2026/05/23 03:33:29 GET /columns -> Status: OK Duration: 6.6147ms
[ACCESS] 2026/05/23 03:33:29 GET /tasks -> Status: OK Duration: 3.6708ms
[ACCESS] 2026/05/23 03:33:29 GET /tasks -> Status: OK Duration: 1.7741ms
[ACCESS] 2026/05/23 03:33:29 GET /tasks -> Status: OK Duration: 3.3038ms
[ACCESS] 2026/05/23 03:33:34 GET /columns -> Status: OK Duration: 3.475ms
[ACCESS] 2026/05/23 03:33:34 GET /tasks -> Status: OK Duration: 2.2159ms
[ACCESS] 2026/05/23 03:33:34 GET /tasks -> Status: OK Duration: 2.1797ms
[ACCESS] 2026/05/23 03:33:34 GET /tasks -> Status: OK Duration: 5.3088ms
[ACCESS] 2026/05/23 03:34:45 GET /columns -> Status: OK Duration: 3.0261ms
[ACCESS] 2026/05/23 03:34:45 GET /tasks -> Status: OK Duration: 3.715ms
[ACCESS] 2026/05/23 03:34:45 GET /tasks -> Status: OK Duration: 2.9729ms
[ACCESS] 2026/05/23 03:34:45 GET /tasks -> Status: OK Duration: 2.3776ms
[ACCESS] 2026/05/23 03:35:07 GET /columns -> Status: OK Duration: 3.6941ms
[ACCESS] 2026/05/23 03:35:07 GET /tasks -> Status: OK Duration: 2.4854ms
[ACCESS] 2026/05/23 03:35:07 GET /tasks -> Status: OK Duration: 1.807ms
[ACCESS] 2026/05/23 03:35:07 GET /tasks -> Status: OK Duration: 3.1774ms
[ACCESS] 2026/05/23 03:35:20 GET /columns -> Status: OK Duration: 3.2663ms
[ACCESS] 2026/05/23 03:35:20 GET /tasks -> Status: OK Duration: 2.1736ms
[ACCESS] 2026/05/23 03:35:20 GET /tasks -> Status: OK Duration: 1.8999ms
[ACCESS] 2026/05/23 03:35:20 GET /tasks -> Status: OK Duration: 2.787ms
[ACCESS] 2026/05/23 03:35:25 GET /columns -> Status: OK Duration: 10.3062ms
[ACCESS] 2026/05/23 03:35:25 GET /tasks -> Status: OK Duration: 1.5613ms
[ACCESS] 2026/05/23 03:35:25 GET /tasks -> Status: OK Duration: 1.7677ms
[ACCESS] 2026/05/23 03:35:25 GET /tasks -> Status: OK Duration: 3.1058ms
[ACCESS] 2026/05/23 03:35:54 GET /columns -> Status: OK Duration: 6.5423ms
[ACCESS] 2026/05/23 03:35:54 GET /tasks -> Status: OK Duration: 2.2163ms
[ACCESS] 2026/05/23 03:35:54 GET /tasks -> Status: OK Duration: 2.0214ms
[ACCESS] 2026/05/23 03:35:54 GET /tasks -> Status: OK Duration: 6.1253ms
[ACCESS] 2026/05/23 03:36:44 GET /columns -> Status: OK Duration: 10.944ms
[ACCESS] 2026/05/23 03:36:44 GET /tasks -> Status: OK Duration: 2.3787ms
[ACCESS] 2026/05/23 03:36:44 GET /tasks -> Status: OK Duration: 4.3478ms
[ACCESS] 2026/05/23 03:36:44 GET /tasks -> Status: OK Duration: 3.4433ms
[ACCESS] 2026/05/23 03:39:09 GET /columns -> Status: OK Duration: 5.3467ms
[ACCESS] 2026/05/23 03:39:09 GET /tasks -> Status: OK Duration: 3.5394ms
[ACCESS] 2026/05/23 03:39:09 GET /tasks -> Status: OK Duration: 3.2642ms
[ACCESS] 2026/05/23 03:39:09 GET /tasks -> Status: OK Duration: 1.8689ms
[ACCESS] 2026/05/23 03:39:11 GET /columns -> Status: OK Duration: 4.0206ms
[ACCESS] 2026/05/23 03:39:11 GET /tasks -> Status: OK Duration: 2.3659ms
[ACCESS] 2026/05/23 03:39:11 GET /tasks -> Status: OK Duration: 5.1257ms
[ACCESS] 2026/05/23 03:39:11 GET /tasks -> Status: OK Duration: 4.742ms
[ACCESS] 2026/05/23 03:39:37 GET /columns -> Status: OK Duration: 2.2377ms
[ACCESS] 2026/05/23 03:39:37 GET /tasks -> Status: OK Duration: 2.5659ms
[ACCESS] 2026/05/23 03:39:37 GET /tasks -> Status: OK Duration: 2.5011ms
[ACCESS] 2026/05/23 03:39:37 GET /tasks -> Status: OK Duration: 3.9464ms
[ACCESS] 2026/05/23 03:39:44 GET /columns -> Status: OK Duration: 3.7832ms
[ACCESS] 2026/05/23 03:39:44 GET /tasks -> Status: OK Duration: 2.0134ms
[ACCESS] 2026/05/23 03:39:44 GET /tasks -> Status: OK Duration: 2.1512ms
[ACCESS] 2026/05/23 03:39:44 GET /tasks -> Status: OK Duration: 2.4383ms
[ACCESS] 2026/05/23 03:40:14 GET /columns -> Status: OK Duration: 2.7619ms
[ACCESS] 2026/05/23 03:40:14 GET /tasks -> Status: OK Duration: 3.7119ms
[ACCESS] 2026/05/23 03:40:14 GET /tasks -> Status: OK Duration: 4.39ms
[ACCESS] 2026/05/23 03:40:14 GET /tasks -> Status: OK Duration: 3.064ms
[ACCESS] 2026/05/23 03:40:33 GET /columns -> Status: OK Duration: 3.2793ms
[ACCESS] 2026/05/23 03:40:33 GET /tasks -> Status: OK Duration: 2.7174ms
[ACCESS] 2026/05/23 03:40:33 GET /tasks -> Status: OK Duration: 5.1987ms
[ACCESS] 2026/05/23 03:40:33 GET /tasks -> Status: OK Duration: 5.929ms
[ACCESS] 2026/05/23 03:43:42 GET /columns -> Status: OK Duration: 2.8932ms
[ACCESS] 2026/05/23 03:43:42 GET /tasks -> Status: OK Duration: 837.2µs
[ACCESS] 2026/05/23 03:43:42 GET /tasks -> Status: OK Duration: 1.6422ms
[ACCESS] 2026/05/23 03:43:42 GET /tasks -> Status: OK Duration: 3.2794ms
[ACCESS] 2026/05/23 03:44:02 GET /columns -> Status: OK Duration: 2.7609ms
[ACCESS] 2026/05/23 03:44:02 GET /tasks -> Status: OK Duration: 4.5907ms
[ACCESS] 2026/05/23 03:44:02 GET /tasks -> Status: OK Duration: 2.5139ms
[ACCESS] 2026/05/23 03:44:02 GET /tasks -> Status: OK Duration: 2.2557ms
[ACCESS] 2026/05/23 03:48:20 GET /columns -> Status: OK Duration: 4.0055ms
[ACCESS] 2026/05/23 03:48:20 GET /tasks -> Status: OK Duration: 1.8612ms
[ACCESS] 2026/05/23 03:48:20 GET /tasks -> Status: OK Duration: 3.1877ms
[ACCESS] 2026/05/23 03:48:20 GET /tasks -> Status: OK Duration: 3.2177ms
[ACCESS] 2026/05/23 03:49:09 GET /columns -> Status: OK Duration: 2.3208ms
[ACCESS] 2026/05/23 03:49:09 GET /tasks -> Status: OK Duration: 1.6215ms
[ACCESS] 2026/05/23 03:49:09 GET /tasks -> Status: OK Duration: 1.5739ms
[ACCESS] 2026/05/23 03:49:09 GET /tasks -> Status: OK Duration: 3.0427ms
[ACCESS] 2026/05/23 03:49:10 GET /columns -> Status: OK Duration: 2.9453ms
[ACCESS] 2026/05/23 03:49:10 GET /tasks -> Status: OK Duration: 2.1147ms
[ACCESS] 2026/05/23 03:49:10 GET /tasks -> Status: OK Duration: 1.5437ms
[ACCESS] 2026/05/23 03:49:10 GET /tasks -> Status: OK Duration: 2.4298ms
[ACCESS] 2026/05/23 03:52:11 GET /columns -> Status: OK Duration: 4.0646ms
[ACCESS] 2026/05/23 03:52:11 GET /tasks -> Status: OK Duration: 2.1035ms
[ACCESS] 2026/05/23 03:52:11 GET /tasks -> Status: OK Duration: 1.4702ms
[ACCESS] 2026/05/23 03:52:11 GET /tasks -> Status: OK Duration: 2.954ms
[ACCESS] 2026/05/23 03:54:05 GET /columns -> Status: OK Duration: 3.1455ms
[ACCESS] 2026/05/23 03:54:05 GET /tasks -> Status: OK Duration: 2.3042ms
[ACCESS] 2026/05/23 03:54:05 GET /tasks -> Status: OK Duration: 1.4777ms
[ACCESS] 2026/05/23 03:54:05 GET /tasks -> Status: OK Duration: 3.2592ms
[ACCESS] 2026/05/23 03:54:10 GET /columns -> Status: OK Duration: 2.7472ms
[ACCESS] 2026/05/23 03:54:10 GET /tasks -> Status: OK Duration: 1.5367ms
[ACCESS] 2026/05/23 03:54:10 GET /tasks -> Status: OK Duration: 1.6093ms
[ACCESS] 2026/05/23 03:54:10 GET /tasks -> Status: OK Duration: 3.1727ms
[ACCESS] 2026/05/23 03:54:16 GET /columns -> Status: OK Duration: 2.5729ms
[ACCESS] 2026/05/23 03:54:16 GET /tasks -> Status: OK Duration: 2.0515ms
[ACCESS] 2026/05/23 03:54:16 GET /tasks -> Status: OK Duration: 2.5303ms
[ACCESS] 2026/05/23 03:54:16 GET /tasks -> Status: OK Duration: 2.8554ms
[ACCESS] 2026/05/23 03:55:44 GET /boards -> Status: OK Duration: 2.0337ms
[ACCESS] 2026/05/23 03:55:45 GET /columns -> Status: OK Duration: 2.1249ms
[ACCESS] 2026/05/23 03:55:45 GET /tasks -> Status: OK Duration: 1.6803ms
[ACCESS] 2026/05/23 03:55:45 GET /tasks -> Status: OK Duration: 2.4124ms
[ACCESS] 2026/05/23 03:55:45 GET /tasks -> Status: OK Duration: 1.552ms
[ACCESS] 2026/05/23 03:55:50 GET /boards -> Status: OK Duration: 1.1761ms
[ACCESS] 2026/05/23 03:55:51 GET /columns -> Status: OK Duration: 2.0395ms
[ACCESS] 2026/05/23 03:55:56 GET /columns -> Status: OK Duration: 1.2953ms
[ACCESS] 2026/05/23 03:55:57 GET /boards -> Status: OK Duration: 1.7431ms
[ACCESS] 2026/05/23 03:55:58 GET /columns -> Status: OK Duration: 2.6079ms
[ACCESS] 2026/05/23 03:55:58 GET /tasks -> Status: OK Duration: 2.0921ms
[ACCESS] 2026/05/23 03:55:58 GET /tasks -> Status: OK Duration: 1.7112ms
[ACCESS] 2026/05/23 03:55:58 GET /tasks -> Status: OK Duration: 1.2518ms
[ACCESS] 2026/05/23 03:56:00 GET /boards -> Status: OK Duration: 2.0504ms
[ACCESS] 2026/05/23 03:56:01 GET /columns -> Status: OK Duration: 2.3004ms
[ACCESS] 2026/05/23 03:56:01 GET /tasks -> Status: OK Duration: 1.9505ms
[ACCESS] 2026/05/23 03:56:01 GET /tasks -> Status: OK Duration: 1.9987ms
[ACCESS] 2026/05/23 03:56:01 GET /tasks -> Status: OK Duration: 1.8444ms
[ACCESS] 2026/05/23 03:56:05 GET /columns -> Status: OK Duration: 3.3445ms
[ACCESS] 2026/05/23 03:56:05 GET /tasks -> Status: OK Duration: 2.2065ms
[ACCESS] 2026/05/23 03:56:05 GET /tasks -> Status: OK Duration: 2.0918ms
[ACCESS] 2026/05/23 03:56:05 GET /tasks -> Status: OK Duration: 2.1594ms
[ACCESS] 2026/05/23 03:56:07 GET /columns -> Status: OK Duration: 2.7711ms
[ACCESS] 2026/05/23 03:56:07 GET /tasks -> Status: OK Duration: 1.3028ms
[ACCESS] 2026/05/23 03:56:07 GET /tasks -> Status: OK Duration: 1.7366ms
[ACCESS] 2026/05/23 03:56:07 GET /tasks -> Status: OK Duration: 2.228ms
[ACCESS] 2026/05/23 03:56:09 GET /columns -> Status: OK Duration: 3.1768ms
[ACCESS] 2026/05/23 03:56:09 GET /tasks -> Status: OK Duration: 1.7899ms
[ACCESS] 2026/05/23 03:56:09 GET /tasks -> Status: OK Duration: 1.7186ms
[ACCESS] 2026/05/23 03:56:09 GET /tasks -> Status: OK Duration: 2.6031ms
[ACCESS] 2026/05/23 03:57:17 GET /columns -> Status: OK Duration: 3.1343ms
[ACCESS] 2026/05/23 03:57:17 GET /tasks -> Status: OK Duration: 2.4739ms
[ACCESS] 2026/05/23 03:57:17 GET /tasks -> Status: OK Duration: 1.4722ms
[ACCESS] 2026/05/23 03:57:17 GET /tasks -> Status: OK Duration: 3.0143ms
[ACCESS] 2026/05/23 03:57:46 GET /columns -> Status: OK Duration: 3.2683ms
[ACCESS] 2026/05/23 03:57:46 GET /tasks -> Status: OK Duration: 2.3435ms
[ACCESS] 2026/05/23 03:57:46 GET /tasks -> Status: OK Duration: 2.5957ms
[ACCESS] 2026/05/23 03:57:46 GET /tasks -> Status: OK Duration: 3.0437ms
[ACCESS] 2026/05/23 03:58:11 GET /columns -> Status: OK Duration: 2.4173ms
[ACCESS] 2026/05/23 03:58:11 GET /tasks -> Status: OK Duration: 841.4µs
[ACCESS] 2026/05/23 03:58:11 GET /tasks -> Status: OK Duration: 2.13ms
[ACCESS] 2026/05/23 03:58:11 GET /tasks -> Status: OK Duration: 1.4191ms
[ACCESS] 2026/05/23 03:58:24 GET /columns -> Status: OK Duration: 3.3226ms
[ACCESS] 2026/05/23 03:58:24 GET /tasks -> Status: OK Duration: 1.4093ms
[ACCESS] 2026/05/23 03:58:24 GET /tasks -> Status: OK Duration: 626.8µs
[ACCESS] 2026/05/23 03:58:24 GET /tasks -> Status: OK Duration: 1.3406ms
[ACCESS] 2026/05/23 03:58:45 GET /columns -> Status: OK Duration: 2.0123ms
[ACCESS] 2026/05/23 03:58:45 GET /tasks -> Status: OK Duration: 998.3µs
[ACCESS] 2026/05/23 03:58:45 GET /tasks -> Status: OK Duration: 1.3939ms
[ACCESS] 2026/05/23 03:58:45 GET /tasks -> Status: OK Duration: 1.5844ms
[ACCESS] 2026/05/23 03:58:58 GET /columns -> Status: OK Duration: 2.8583ms
[ACCESS] 2026/05/23 03:58:58 GET /tasks -> Status: OK Duration: 1.3662ms
[ACCESS] 2026/05/23 03:58:58 GET /tasks -> Status: OK Duration: 1.3589ms
[ACCESS] 2026/05/23 03:58:58 GET /tasks -> Status: OK Duration: 2.7113ms
[ACCESS] 2026/05/23 03:59:19 GET /columns -> Status: OK Duration: 2.9325ms
[ACCESS] 2026/05/23 03:59:19 GET /tasks -> Status: OK Duration: 2.467ms
[ACCESS] 2026/05/23 03:59:19 GET /tasks -> Status: OK Duration: 2.0246ms
[ACCESS] 2026/05/23 03:59:19 GET /tasks -> Status: OK Duration: 3.2756ms
[ACCESS] 2026/05/23 03:59:38 GET /columns -> Status: OK Duration: 2.1651ms
[ACCESS] 2026/05/23 03:59:38 GET /tasks -> Status: OK Duration: 1.0024ms
[ACCESS] 2026/05/23 03:59:38 GET /tasks -> Status: OK Duration: 1.5556ms
[ACCESS] 2026/05/23 03:59:38 GET /tasks -> Status: OK Duration: 1.055ms
[ACCESS] 2026/05/23 03:59:52 GET /columns -> Status: OK Duration: 3.3948ms
[ACCESS] 2026/05/23 03:59:52 GET /tasks -> Status: OK Duration: 2.0798ms
[ACCESS] 2026/05/23 03:59:52 GET /tasks -> Status: OK Duration: 1.7677ms
[ACCESS] 2026/05/23 03:59:52 GET /tasks -> Status: OK Duration: 984.5µs
[ACCESS] 2026/05/23 04:00:12 GET /columns -> Status: OK Duration: 2.5051ms
[ACCESS] 2026/05/23 04:00:12 GET /tasks -> Status: OK Duration: 1.4997ms
[ACCESS] 2026/05/23 04:00:12 GET /tasks -> Status: OK Duration: 1.5019ms
[ACCESS] 2026/05/23 04:00:12 GET /tasks -> Status: OK Duration: 1.985ms
[ACCESS] 2026/05/23 04:00:25 GET /columns -> Status: OK Duration: 3.4265ms
[ACCESS] 2026/05/23 04:00:25 GET /tasks -> Status: OK Duration: 2.2302ms
[ACCESS] 2026/05/23 04:00:25 GET /tasks -> Status: OK Duration: 1.1326ms
[ACCESS] 2026/05/23 04:00:25 GET /tasks -> Status: OK Duration: 1.2282ms
[ACCESS] 2026/05/23 04:06:25 GET /columns -> Status: OK Duration: 2.4289ms
[ACCESS] 2026/05/23 04:06:25 GET /tasks -> Status: OK Duration: 2.0075ms
[ACCESS] 2026/05/23 04:06:26 GET /tasks -> Status: OK Duration: 1.9335ms
[ACCESS] 2026/05/23 04:06:26 GET /tasks -> Status: OK Duration: 2.7644ms
[ACCESS] 2026/05/23 04:07:14 GET /columns -> Status: OK Duration: 3.6913ms
[ACCESS] 2026/05/23 04:07:14 GET /tasks -> Status: OK Duration: 1.9337ms
[ACCESS] 2026/05/23 04:07:14 GET /tasks -> Status: OK Duration: 2.2294ms
[ACCESS] 2026/05/23 04:07:14 GET /tasks -> Status: OK Duration: 2.9635ms
[ACCESS] 2026/05/23 04:07:18 GET /columns -> Status: OK Duration: 2.9545ms
[ACCESS] 2026/05/23 04:07:18 GET /tasks -> Status: OK Duration: 2.4588ms
[ACCESS] 2026/05/23 04:07:18 GET /tasks -> Status: OK Duration: 1.362ms
[ACCESS] 2026/05/23 04:07:18 GET /tasks -> Status: OK Duration: 3.2678ms
[ACCESS] 2026/05/23 04:08:27 GET /columns -> Status: OK Duration: 2.2178ms
[ACCESS] 2026/05/23 04:08:27 GET /tasks -> Status: OK Duration: 829.8µs
[ACCESS] 2026/05/23 04:08:27 GET /tasks -> Status: OK Duration: 1.5758ms
[ACCESS] 2026/05/23 04:08:27 GET /tasks -> Status: OK Duration: 3.3623ms
[ACCESS] 2026/05/23 04:08:30 GET /columns -> Status: OK Duration: 2.4626ms
[ACCESS] 2026/05/23 04:08:30 GET /tasks -> Status: OK Duration: 1.7388ms
[ACCESS] 2026/05/23 04:08:30 GET /tasks -> Status: OK Duration: 1.9445ms
[ACCESS] 2026/05/23 04:08:30 GET /tasks -> Status: OK Duration: 2.8374ms
[ACCESS] 2026/05/23 04:09:51 GET /columns -> Status: OK Duration: 1.7901ms
[ACCESS] 2026/05/23 04:09:51 GET /tasks -> Status: OK Duration: 993µs
[ACCESS] 2026/05/23 04:09:51 GET /tasks -> Status: OK Duration: 1.4927ms
[ACCESS] 2026/05/23 04:09:51 GET /tasks -> Status: OK Duration: 1.5008ms
[ACCESS] 2026/05/23 04:11:30 GET /columns -> Status: OK Duration: 3.2142ms
[ACCESS] 2026/05/23 04:11:30 GET /tasks -> Status: OK Duration: 2.7671ms
[ACCESS] 2026/05/23 04:11:30 GET /tasks -> Status: OK Duration: 1.955ms
[ACCESS] 2026/05/23 04:11:30 GET /tasks -> Status: OK Duration: 2.982ms
[ACCESS] 2026/05/23 04:13:10 GET /columns -> Status: OK Duration: 2.4997ms
[ACCESS] 2026/05/23 04:13:11 GET /tasks -> Status: OK Duration: 1.8584ms
[ACCESS] 2026/05/23 04:13:11 GET /tasks -> Status: OK Duration: 1.5122ms
[ACCESS] 2026/05/23 04:13:11 GET /tasks -> Status: OK Duration: 2.489ms
[ACCESS] 2026/05/23 04:13:11 GET /columns -> Status: OK Duration: 4.3899ms
[ACCESS] 2026/05/23 04:13:11 GET /tasks -> Status: OK Duration: 1.5764ms
[ACCESS] 2026/05/23 04:13:11 GET /tasks -> Status: OK Duration: 1.0618ms
[ACCESS] 2026/05/23 04:13:11 GET /tasks -> Status: OK Duration: 2.7144ms
[ACCESS] 2026/05/23 04:13:12 GET /columns -> Status: OK Duration: 3.3086ms
[ACCESS] 2026/05/23 04:13:12 GET /tasks -> Status: OK Duration: 2.8754ms
[ACCESS] 2026/05/23 04:13:12 GET /tasks -> Status: OK Duration: 1.843ms
[ACCESS] 2026/05/23 04:13:12 GET /tasks -> Status: OK Duration: 1.8147ms
[ACCESS] 2026/05/23 04:14:29 GET /columns -> Status: OK Duration: 3.5049ms
[ACCESS] 2026/05/23 04:14:29 GET /tasks -> Status: OK Duration: 1.3493ms
[ACCESS] 2026/05/23 04:14:29 GET /tasks -> Status: OK Duration: 2.4718ms
[ACCESS] 2026/05/23 04:14:29 GET /tasks -> Status: OK Duration: 2.6525ms
[ACCESS] 2026/05/23 04:14:45 POST /register -> Status: Created Duration: 70.2636ms
[ACCESS] 2026/05/23 04:18:45 GET /columns -> Status: OK Duration: 3.3882ms
[ACCESS] 2026/05/23 04:18:45 GET /tasks -> Status: OK Duration: 2.1605ms
[ACCESS] 2026/05/23 04:18:45 GET /tasks -> Status: OK Duration: 1.5271ms
[ACCESS] 2026/05/23 04:18:45 GET /tasks -> Status: OK Duration: 3.2686ms
[ACCESS] 2026/05/23 04:19:00 GET /columns -> Status: OK Duration: 3.9872ms
[ACCESS] 2026/05/23 04:19:00 GET /tasks -> Status: OK Duration: 1.9767ms
[ACCESS] 2026/05/23 04:19:00 GET /tasks -> Status: OK Duration: 1.8315ms
[ACCESS] 2026/05/23 04:19:00 GET /tasks -> Status: OK Duration: 3.6865ms
[ACCESS] 2026/05/23 04:20:02 GET /columns -> Status: OK Duration: 2.3983ms
[ACCESS] 2026/05/23 04:20:02 GET /tasks -> Status: OK Duration: 1.1888ms
[ACCESS] 2026/05/23 04:20:02 GET /tasks -> Status: OK Duration: 1.5767ms
[ACCESS] 2026/05/23 04:20:02 GET /tasks -> Status: OK Duration: 3.1185ms
[ACCESS] 2026/05/23 04:24:58 GET /columns -> Status: OK Duration: 3.0279ms
[ACCESS] 2026/05/23 04:24:58 GET /tasks -> Status: OK Duration: 2.232ms
[ACCESS] 2026/05/23 04:24:58 GET /tasks -> Status: OK Duration: 1.2162ms
[ACCESS] 2026/05/23 04:24:58 GET /tasks -> Status: OK Duration: 2.7145ms
[ACCESS] 2026/05/23 04:25:21 GET /columns -> Status: OK Duration: 2.8971ms
[ACCESS] 2026/05/23 04:25:21 GET /tasks -> Status: OK Duration: 1.6542ms
[ACCESS] 2026/05/23 04:25:21 GET /tasks -> Status: OK Duration: 2.0231ms
[ACCESS] 2026/05/23 04:25:21 GET /tasks -> Status: OK Duration: 1.8812ms
[ACCESS] 2026/05/23 04:25:33 GET /columns -> Status: OK Duration: 2.7491ms
[ACCESS] 2026/05/23 04:25:33 GET /tasks -> Status: OK Duration: 1.738ms
[ACCESS] 2026/05/23 04:25:33 GET /tasks -> Status: OK Duration: 1.8007ms
[ACCESS] 2026/05/23 04:25:33 GET /tasks -> Status: OK Duration: 2.7604ms
[ACCESS] 2026/05/23 04:30:20 GET /health -> Status: OK Duration: 0s
[ACCESS] 2026/05/23 04:30:46 GET /columns -> Status: OK Duration: 15.215ms
[ACCESS] 2026/05/23 04:30:46 GET /tasks -> Status: OK Duration: 6.1356ms
[ACCESS] 2026/05/23 04:30:46 GET /tasks -> Status: OK Duration: 2.0429ms
[ACCESS] 2026/05/23 04:30:46 GET /tasks -> Status: OK Duration: 5.5006ms
[ACCESS] 2026/05/23 04:30:53 GET /columns -> Status: OK Duration: 1.9818ms
[ACCESS] 2026/05/23 04:30:53 GET /tasks -> Status: OK Duration: 2.5468ms
[ACCESS] 2026/05/23 04:30:53 GET /tasks -> Status: OK Duration: 1.3843ms
[ACCESS] 2026/05/23 04:30:53 GET /tasks -> Status: OK Duration: 2.0303ms
[ACCESS] 2026/05/23 04:31:57 GET /columns -> Status: OK Duration: 2.4166ms
[ACCESS] 2026/05/23 04:31:57 GET /tasks -> Status: OK Duration: 2.1711ms
[ACCESS] 2026/05/23 04:31:58 GET /tasks -> Status: OK Duration: 1.0341ms
[ACCESS] 2026/05/23 04:31:58 GET /tasks -> Status: OK Duration: 1.9141ms
[ACCESS] 2026/05/23 16:21:25 GET /health -> Status: OK Duration: 0s
[ACCESS] 2026/05/23 16:38:49 GET / -> Status: OK Duration: 71.0686ms
[ACCESS] 2026/05/23 16:38:49 GET /config.js -> Status: OK Duration: 1.4304ms
[ACCESS] 2026/05/23 16:38:49 GET /styles.css -> Status: OK Duration: 14.826ms
[ACCESS] 2026/05/23 16:38:49 GET /script.js -> Status: OK Duration: 10.085ms
[ACCESS] 2026/05/23 16:38:49 GET /labels.js -> Status: OK Duration: 1.6393ms
[ACCESS] 2026/05/23 16:38:49 GET /tasks -> Status: Unauthorized Duration: 0s
[ACCESS] 2026/05/23 16:38:49 GET /users -> Status: Not Found Duration: 718µs
[ACCESS] 2026/05/23 16:38:49 GET /labels -> Status: Unauthorized Duration: 0s
[ACCESS] 2026/05/23 16:39:43 GET /profile.html -> Status: OK Duration: 19.9261ms
[ACCESS] 2026/05/23 16:39:43 GET /profile.js -> Status: OK Duration: 1.7124ms
[ACCESS] 2026/05/23 16:39:43 GET /users -> Status: Not Found Duration: 1.0261ms
[ACCESS] 2026/05/23 16:39:49 GET /users -> Status: Not Found Duration: 1.5147ms
[ACCESS] 2026/05/23 16:39:50 GET /users.html -> Status: OK Duration: 1.8882ms
[ACCESS] 2026/05/23 16:39:50 GET /users.js -> Status: OK Duration: 2.1961ms
[ACCESS] 2026/05/23 16:39:50 GET /users -> Status: Not Found Duration: 0s
[ACCESS] 2026/05/23 16:39:55 GET /users -> Status: Not Found Duration: 0s
[ACCESS] 2026/05/23 16:39:57 GET /index.html -> Status: Moved Permanently Duration: 0s
[ACCESS] 2026/05/23 16:39:57 GET /labels -> Status: Unauthorized Duration: 0s
[ACCESS] 2026/05/23 16:39:57 GET /tasks -> Status: Unauthorized Duration: 0s
[ACCESS] 2026/05/23 16:39:57 GET /users -> Status: Not Found Duration: 0s
[ACCESS] 2026/05/23 16:40:48 POST /tasks -> Status: Unauthorized Duration: 0s
[ACCESS] 2026/05/23 16:40:54 GET /users -> Status: Not Found Duration: 0s
[ACCESS] 2026/05/23 16:41:35 GET /users -> Status: Not Found Duration: 0s
[ACCESS] 2026/05/23 16:41:36 GET /users -> Status: Not Found Duration: 0s
[ACCESS] 2026/05/23 16:41:36 GET /tasks -> Status: Unauthorized Duration: 0s
[ACCESS] 2026/05/23 16:41:36 GET /labels -> Status: Unauthorized Duration: 0s
[ACCESS] 2026/05/23 16:41:42 GET /users -> Status: Not Found Duration: 0s
[ACCESS] 2026/05/23 16:41:52 PUT /users/ -> Status: Not Found Duration: 0s
[ACCESS] 2026/05/23 16:42:50 PUT /users/ -> Status: Not Found Duration: 881.1µs
[ACCESS] 2026/05/23 16:42:52 GET /users -> Status: Not Found Duration: 629.3µs
[ACCESS] 2026/05/23 16:42:53 GET /archive.html -> Status: OK Duration: 14.7399ms
[ACCESS] 2026/05/23 16:42:53 GET /archive.js -> Status: OK Duration: 2.5892ms
[ACCESS] 2026/05/23 16:42:53 GET /tasks/archive -> Status: Unauthorized Duration: 0s
[ACCESS] 2026/05/23 16:42:56 GET /users -> Status: Not Found Duration: 399.6µs
[ACCESS] 2026/05/23 16:43:00 GET /users -> Status: Not Found Duration: 0s
[ACCESS] 2026/05/23 16:43:04 GET /users -> Status: Not Found Duration: 0s
[ACCESS] 2026/05/23 16:43:04 GET /tasks -> Status: Unauthorized Duration: 0s
[ACCESS] 2026/05/23 16:43:04 GET /labels -> Status: Unauthorized Duration: 0s
[ACCESS] 2026/05/23 16:43:15 GET /tasks -> Status: Unauthorized Duration: 0s
[ACCESS] 2026/05/23 16:43:15 GET /labels -> Status: Unauthorized Duration: 0s
[ACCESS] 2026/05/23 16:43:15 GET /users -> Status: Not Found Duration: 512.9µs
[ACCESS] 2026/05/23 16:43:46 GET /tasks -> Status: Unauthorized Duration: 0s
[ACCESS] 2026/05/23 16:44:21 GET /users -> Status: Not Found Duration: 503.7µs
[ACCESS] 2026/05/23 16:44:28 GET /users -> Status: Not Found Duration: 0s
[ACCESS] 2026/05/23 16:44:37 GET /users -> Status: Not Found Duration: 512.3µs
[ACCESS] 2026/05/23 16:44:39 GET /users -> Status: Not Found Duration: 0s
[ACCESS] 2026/05/23 16:44:39 GET /tasks/archive -> Status: Unauthorized Duration: 0s
[ACCESS] 2026/05/23 16:44:40 GET /users -> Status: Not Found Duration: 571µs
[ACCESS] 2026/05/23 16:44:42 GET /users -> Status: Not Found Duration: 0s
[ACCESS] 2026/05/23 16:44:42 GET /tasks -> Status: Unauthorized Duration: 0s
[ACCESS] 2026/05/23 16:44:42 GET /labels -> Status: Unauthorized Duration: 0s
[ACCESS] 2026/05/23 16:45:15 GET /boards -> Status: OK Duration: 73.9415ms
[ACCESS] 2026/05/23 16:45:16 GET /boards -> Status: OK Duration: 2.5276ms
[ACCESS] 2026/05/23 16:45:19 GET /columns -> Status: OK Duration: 14.2811ms
[ACCESS] 2026/05/23 16:45:19 GET /tasks -> Status: OK Duration: 9.8714ms
[ACCESS] 2026/05/23 16:45:21 GET /boards -> Status: OK Duration: 3.9896ms
[ACCESS] 2026/05/23 16:45:21 GET /columns -> Status: OK Duration: 2.1661ms
[ACCESS] 2026/05/23 16:45:21 GET /tasks -> Status: OK Duration: 2.5425ms
[ACCESS] 2026/05/23 16:45:21 GET /tasks -> Status: OK Duration: 2.0358ms
[ACCESS] 2026/05/23 16:45:21 GET /tasks -> Status: OK Duration: 1.9938ms
[ACCESS] 2026/05/23 16:45:23 GET /boards -> Status: OK Duration: 3.1877ms
[ACCESS] 2026/05/23 16:47:05 GET /users -> Status: Not Found Duration: 0s
[ACCESS] 2026/05/23 16:47:05 GET /tasks -> Status: Unauthorized Duration: 0s
[ACCESS] 2026/05/23 16:47:05 GET /labels -> Status: Unauthorized Duration: 0s
[ACCESS] 2026/05/23 16:47:11 GET /users -> Status: Not Found Duration: 0s
[ACCESS] 2026/05/23 16:54:19 GET /tasks -> Status: Unauthorized Duration: 499.7µs
[ACCESS] 2026/05/23 16:54:19 GET /users -> Status: Not Found Duration: 499.7µs
[ACCESS] 2026/05/23 16:54:19 GET /labels -> Status: Unauthorized Duration: 0s
[ACCESS] 2026/05/23 16:54:21 GET /favicon.ico -> Status: Not Found Duration: 466.7µs
[ACCESS] 2026/05/23 16:54:35 GET /users -> Status: Not Found Duration: 0s
[ACCESS] 2026/05/23 16:54:36 GET /users -> Status: Not Found Duration: 573.9µs
[ACCESS] 2026/05/23 16:54:38 GET /tasks -> Status: Unauthorized Duration: 0s
[ACCESS] 2026/05/23 16:54:38 GET /users -> Status: Not Found Duration: 472.8µs
[ACCESS] 2026/05/23 16:54:38 GET /labels -> Status: Unauthorized Duration: 0s
[ACCESS] 2026/05/23 16:55:05 GET /users -> Status: Not Found Duration: 0s
[ACCESS] 2026/05/23 16:55:26 GET /users -> Status: Not Found Duration: 1.5569ms
[ACCESS] 2026/05/23 16:55:39 GET /tasks/archive -> Status: Unauthorized Duration: 0s
[ACCESS] 2026/05/23 16:55:43 GET /users -> Status: Not Found Duration: 586.5µs
[ACCESS] 2026/05/23 16:55:43 GET /users -> Status: Not Found Duration: 0s
[ACCESS] 2026/05/23 16:55:44 GET /users -> Status: Not Found Duration: 260.3µs
[ACCESS] 2026/05/23 16:55:44 GET /tasks -> Status: Unauthorized Duration: 0s
[ACCESS] 2026/05/23 16:55:44 GET /labels -> Status: Unauthorized Duration: 0s
[ACCESS] 2026/05/23 16:57:29 GET /users -> Status: Not Found Duration: 0s
[ACCESS] 2026/05/23 16:57:32 GET /tasks -> Status: Unauthorized Duration: 0s
[ACCESS] 2026/05/23 16:57:32 GET /labels -> Status: Unauthorized Duration: 0s
[ACCESS] 2026/05/23 16:57:32 GET /users -> Status: Not Found Duration: 0s
[ACCESS] 2026/05/23 16:59:55 GET / -> Status: Not Modified Duration: 1.78ms
[ACCESS] 2026/05/23 16:59:55 GET /users -> Status: Not Found Duration: 0s
[ACCESS] 2026/05/23 16:59:55 GET /tasks -> Status: Unauthorized Duration: 0s
[ACCESS] 2026/05/23 16:59:55 GET /labels -> Status: Unauthorized Duration: 0s
[ACCESS] 2026/05/23 16:59:56 GET / -> Status: Not Modified Duration: 82µs
[ACCESS] 2026/05/23 16:59:56 GET /users -> Status: Not Found Duration: 0s
[ACCESS] 2026/05/23 16:59:56 GET /tasks -> Status: Unauthorized Duration: 0s
[ACCESS] 2026/05/23 16:59:56 GET /labels -> Status: Unauthorized Duration: 0s
[ACCESS] 2026/05/23 16:59:59 GET /users -> Status: Not Found Duration: 0s
[ACCESS] 2026/05/23 17:00:02 GET /users -> Status: Not Found Duration: 0s
[ACCESS] 2026/05/23 17:00:20 GET /users -> Status: Not Found Duration: 0s
[ACCESS] 2026/05/23 17:00:20 GET /labels -> Status: Unauthorized Duration: 0s
[ACCESS] 2026/05/23 17:00:20 GET /tasks -> Status: Unauthorized Duration: 0s
[ACCESS] 2026/05/23 17:00:25 GET /users -> Status: Not Found Duration: 0s
[ACCESS] 2026/05/23 17:00:30 GET /users -> Status: Not Found Duration: 0s
[ACCESS] 2026/05/23 17:01:16 GET /users -> Status: Not Found Duration: 0s
[ACCESS] 2026/05/23 17:01:16 GET /tasks -> Status: Unauthorized Duration: 0s
[ACCESS] 2026/05/23 17:01:16 GET /labels -> Status: Unauthorized Duration: 0s
[ACCESS] 2026/05/23 17:01:19 GET /users -> Status: Not Found Duration: 345.7µs
[ACCESS] 2026/05/23 17:01:21 GET /users -> Status: Not Found Duration: 0s
[ACCESS] 2026/05/23 17:01:24 GET /users -> Status: Not Found Duration: 478µs
[ACCESS] 2026/05/23 17:01:24 GET /tasks -> Status: Unauthorized Duration: 0s
[ACCESS] 2026/05/23 17:01:24 GET /labels -> Status: Unauthorized Duration: 0s
[ACCESS] 2026/05/23 17:01:33 GET /users -> Status: Not Found Duration: 0s
[ACCESS] 2026/05/23 17:01:37 PUT /users/ -> Status: Not Found Duration: 0s
[ACCESS] 2026/05/23 17:01:38 PUT /users/ -> Status: Not Found Duration: 0s
[ACCESS] 2026/05/23 17:01:44 GET /users -> Status: Not Found Duration: 108µs
[ACCESS] 2026/05/23 17:01:50 GET /users -> Status: Not Found Duration: 0s
[ACCESS] 2026/05/23 17:01:58 PUT /users/ -> Status: Not Found Duration: 0s
[ACCESS] 2026/05/23 17:01:59 PUT /users/ -> Status: Not Found Duration: 0s
[ACCESS] 2026/05/23 17:02:17 PUT /users/ -> Status: Not Found Duration: 0s
[ACCESS] 2026/05/23 17:02:28 GET /users -> Status: Not Found Duration: 0s
[ACCESS] 2026/05/23 17:02:28 GET /tasks -> Status: Unauthorized Duration: 0s
[ACCESS] 2026/05/23 17:02:28 GET /labels -> Status: Unauthorized Duration: 0s
[ACCESS] 2026/05/23 17:02:36 POST /tasks -> Status: Unauthorized Duration: 0s
[ACCESS] 2026/05/23 17:03:00 GET /labels -> Status: Unauthorized Duration: 0s
[ACCESS] 2026/05/23 17:03:00 GET /tasks -> Status: Unauthorized Duration: 0s
[ACCESS] 2026/05/23 17:03:00 GET /users -> Status: Not Found Duration: 482.2µs
[ACCESS] 2026/05/23 17:03:13 GET /users -> Status: Not Found Duration: 987.7µs
[ACCESS] 2026/05/23 17:03:44 GET /users -> Status: Not Found Duration: 0s
[ACCESS] 2026/05/23 17:03:46 GET /users -> Status: Not Found Duration: 0s
[ACCESS] 2026/05/23 17:03:46 GET /labels -> Status: Unauthorized Duration: 0s
[ACCESS] 2026/05/23 17:03:46 GET /tasks -> Status: Unauthorized Duration: 0s
[ACCESS] 2026/05/23 17:04:09 GET /users -> Status: Not Found Duration: 883.8µs
[ACCESS] 2026/05/23 17:13:44 GET /users -> Status: Not Found Duration: 502.9µs
[ACCESS] 2026/05/23 17:13:44 GET /tasks -> Status: Unauthorized Duration: 0s
[ACCESS] 2026/05/23 17:13:44 GET /labels -> Status: Unauthorized Duration: 0s
[ACCESS] 2026/05/23 17:13:47 GET /users -> Status: Not Found Duration: 301.3µs
[ACCESS] 2026/05/23 17:13:48 GET /users -> Status: Not Found Duration: 291.8µs
[ACCESS] 2026/05/23 17:13:49 GET /users -> Status: Not Found Duration: 0s
[ACCESS] 2026/05/23 17:13:49 GET /tasks -> Status: Unauthorized Duration: 0s
[ACCESS] 2026/05/23 17:13:49 GET /labels -> Status: Unauthorized Duration: 0s
[ACCESS] 2026/05/23 17:13:52 GET /users -> Status: Not Found Duration: 398.3µs
[ACCESS] 2026/05/23 17:13:53 GET /users -> Status: Not Found Duration: 496.3µs
[ACCESS] 2026/05/23 17:13:53 GET /tasks -> Status: Unauthorized Duration: 0s
[ACCESS] 2026/05/23 17:13:53 GET /labels -> Status: Unauthorized Duration: 0s
[ACCESS] 2026/05/23 17:25:51 GET /users.html -> Status: Not Modified Duration: 1.9168ms
[ACCESS] 2026/05/23 17:25:51 GET /users -> Status: Not Found Duration: 0s
[ACCESS] 2026/05/23 17:25:52 GET /users.html -> Status: Not Modified Duration: 494.7µs
[ACCESS] 2026/05/23 17:25:52 GET /users -> Status: Not Found Duration: 0s
[ACCESS] 2026/05/23 17:25:53 GET /users.html -> Status: Not Modified Duration: 862.1µs
[ACCESS] 2026/05/23 17:25:53 GET /users -> Status: Not Found Duration: 146.8µs
[ACCESS] 2026/05/23 17:25:53 GET /users.html -> Status: Not Modified Duration: 0s
[ACCESS] 2026/05/23 17:25:53 GET /users -> Status: Not Found Duration: 359.7µs
[ACCESS] 2026/05/23 17:25:56 GET /profile.html -> Status: OK Duration: 143.5918ms
[ACCESS] 2026/05/23 17:25:56 GET /users -> Status: Not Found Duration: 160.3µs
[ACCESS] 2026/05/23 17:26:54 PUT /users/undefined -> Status: Not Found Duration: 0s
[ACCESS] 2026/05/23 17:28:01 PUT /users/undefined -> Status: Not Found Duration: 0s
[ACCESS] 2026/05/23 17:28:02 PUT /users/undefined -> Status: Not Found Duration: 0s
[ACCESS] 2026/05/23 17:28:03 PUT /users/undefined -> Status: Not Found Duration: 0s
[ACCESS] 2026/05/23 17:28:10 PUT /users/undefined -> Status: Not Found Duration: 1.9021ms
[ACCESS] 2026/05/23 17:28:12 GET /stats.html -> Status: OK Duration: 1.492ms
[ACCESS] 2026/05/23 17:28:13 GET /stats.js -> Status: OK Duration: 1.4599ms
[ACCESS] 2026/05/23 17:28:13 GET /tasks -> Status: Unauthorized Duration: 0s
[ACCESS] 2026/05/23 17:28:18 GET /tasks/archive -> Status: Unauthorized Duration: 0s
[ACCESS] 2026/05/23 17:28:19 GET /profile.html -> Status: Not Modified Duration: 366.8µs
[ACCESS] 2026/05/23 17:28:19 GET /users -> Status: Not Found Duration: 723.6µs
[ACCESS] 2026/05/23 17:30:51 GET /profile.html -> Status: Not Modified Duration: 0s
[ACCESS] 2026/05/23 17:30:51 GET /users -> Status: Not Found Duration: 0s
[ACCESS] 2026/05/23 17:30:52 GET /profile.html -> Status: Not Modified Duration: 326.7µs
[ACCESS] 2026/05/23 17:30:52 GET /users -> Status: Not Found Duration: 0s
[ACCESS] 2026/05/23 17:31:17 GET /tasks -> Status: Unauthorized Duration: 0s
[ACCESS] 2026/05/23 17:31:17 GET /users -> Status: Not Found Duration: 0s
[ACCESS] 2026/05/23 17:31:17 GET /labels -> Status: Unauthorized Duration: 0s
[ACCESS] 2026/05/23 17:31:23 GET /users -> Status: Not Found Duration: 0s
[ACCESS] 2026/05/23 17:31:49 PUT /users/undefined -> Status: Not Found Duration: 0s
[ACCESS] 2026/05/23 17:37:49 PUT /users/undefined -> Status: Not Found Duration: 647.8µs
[ACCESS] 2026/05/23 17:41:22 GET /tasks -> Status: Unauthorized Duration: 529.2µs
[ACCESS] 2026/05/23 17:41:22 GET /labels -> Status: Unauthorized Duration: 529.2µs
[ACCESS] 2026/05/23 17:41:22 GET /users -> Status: Not Found Duration: 446.6µs
[ACCESS] 2026/05/23 17:47:38 PUT /users/undefined -> Status: Not Found Duration: 0s
[ACCESS] 2026/05/23 17:47:40 PUT /users/undefined -> Status: Not Found Duration: 0s
[ACCESS] 2026/05/23 17:47:40 PUT /users/undefined -> Status: Not Found Duration: 0s
[ACCESS] 2026/05/23 17:47:42 PUT /users/undefined -> Status: Not Found Duration: 0s
[ACCESS] 2026/05/23 17:47:46 PUT /users/undefined -> Status: Not Found Duration: 0s
[ACCESS] 2026/05/23 17:47:47 PUT /users/undefined -> Status: Not Found Duration: 0s
[ACCESS] 2026/05/23 17:47:53 PUT /users/undefined -> Status: Not Found Duration: 0s
[ACCESS] 2026/05/23 17:47:53 PUT /users/undefined -> Status: Not Found Duration: 0s
[ACCESS] 2026/05/23 17:47:58 GET /profile.html -> Status: Not Modified Duration: 0s
[ACCESS] 2026/05/23 17:47:58 GET /users -> Status: Not Found Duration: 0s
[ACCESS] 2026/05/23 17:47:59 GET /users -> Status: Not Found Duration: 0s
[ACCESS] 2026/05/23 23:13:32 GET / -> Status: OK Duration: 109.2035ms
[ACCESS] 2026/05/23 23:13:32 GET /styles.css -> Status: OK Duration: 1.2026ms
[ACCESS] 2026/05/23 23:13:32 GET /script.js -> Status: OK Duration: 633.1µs
[ACCESS] 2026/05/23 23:13:32 GET /tasks -> Status: Unauthorized Duration: 0s
[ACCESS] 2026/05/23 23:13:32 GET /users -> Status: Not Found Duration: 0s
[ACCESS] 2026/05/23 23:13:32 GET /labels -> Status: Unauthorized Duration: 0s
[ACCESS] 2026/05/23 23:13:35 GET /favicon.ico -> Status: Not Found Duration: 1.7919ms
[ACCESS] 2026/05/23 23:13:54 GET /profile.html -> Status: Not Modified Duration: 1.1546ms
[ACCESS] 2026/05/23 23:13:54 GET /users -> Status: Not Found Duration: 0s
[ACCESS] 2026/05/23 23:14:31 GET /archive.html -> Status: Not Modified Duration: 1.5089ms
[ACCESS] 2026/05/23 23:14:31 GET /tasks/archive -> Status: Unauthorized Duration: 0s
[ACCESS] 2026/05/23 23:14:33 GET /users -> Status: Not Found Duration: 253µs
[ACCESS] 2026/05/23 23:14:40 GET /users -> Status: Not Found Duration: 145.3µs
[ACCESS] 2026/05/23 23:14:41 GET /users -> Status: Not Found Duration: 578.2µs
[ACCESS] 2026/05/23 23:14:42 GET /users -> Status: Not Found Duration: 969.7µs
[ACCESS] 2026/05/23 23:14:42 GET /users -> Status: Not Found Duration: 0s
[ACCESS] 2026/05/23 23:14:43 GET /users -> Status: Not Found Duration: 982.9µs
[ACCESS] 2026/05/23 23:14:43 GET /users -> Status: Not Found Duration: 5.8067ms
[ACCESS] 2026/05/23 23:14:45 GET /users.html -> Status: Not Modified Duration: 1.1599ms
[ACCESS] 2026/05/23 23:14:45 GET /users -> Status: Not Found Duration: 5.1304ms
[ACCESS] 2026/05/23 23:14:54 GET /users -> Status: Not Found Duration: 131.5µs
[ACCESS] 2026/05/23 23:14:54 GET /tasks -> Status: Unauthorized Duration: 64µs
[ACCESS] 2026/05/23 23:14:54 GET /labels -> Status: Unauthorized Duration: 0s
[ACCESS] 2026/05/23 23:15:03 GET /users -> Status: Not Found Duration: 232µs
[ACCESS] 2026/05/23 23:15:09 GET /users -> Status: Not Found Duration: 0s
[ACCESS] 2026/05/23 23:15:12 GET /users -> Status: Not Found Duration: 718.9µs
[ACCESS] 2026/05/23 23:15:12 GET /tasks -> Status: Unauthorized Duration: 0s
[ACCESS] 2026/05/23 23:15:12 GET /labels -> Status: Unauthorized Duration: 0s
[ACCESS] 2026/05/23 23:15:23 GET /stats.html -> Status: Not Modified Duration: 1.3684ms
[ACCESS] 2026/05/23 23:15:23 GET /stats.js -> Status: Not Modified Duration: 775.2µs
[ACCESS] 2026/05/23 23:15:23 GET /tasks -> Status: Unauthorized Duration: 0s
[ACCESS] 2026/05/23 23:15:29 GET /users -> Status: Not Found Duration: 0s
[ACCESS] 2026/05/23 23:15:29 GET /tasks -> Status: Unauthorized Duration: 0s
[ACCESS] 2026/05/23 23:15:29 GET /labels -> Status: Unauthorized Duration: 0s
[ACCESS] 2026/05/23 23:15:42 GET /users -> Status: Not Found Duration: 327.1µs
[ACCESS] 2026/05/23 23:15:47 GET /users -> Status: Not Found Duration: 796.3µs
[ACCESS] 2026/05/23 23:15:52 GET /users -> Status: Not Found Duration: 272.2µs
[ACCESS] 2026/05/23 23:15:52 GET /tasks -> Status: Unauthorized Duration: 0s
[ACCESS] 2026/05/23 23:15:52 GET /labels -> Status: Unauthorized Duration: 0s
[ACCESS] 2026/05/23 23:16:16 GET /tasks -> Status: Unauthorized Duration: 0s
[ACCESS] 2026/05/23 23:17:25 GET /tasks/archive -> Status: Unauthorized Duration: 0s
[ACCESS] 2026/05/23 23:17:28 GET /users -> Status: Not Found Duration: 1.0732ms
[ACCESS] 2026/05/23 23:17:29 GET /users -> Status: Not Found Duration: 333.7µs
[ACCESS] 2026/05/23 23:17:32 GET /users -> Status: Not Found Duration: 0s
[ACCESS] 2026/05/23 23:17:32 GET /tasks -> Status: Unauthorized Duration: 0s
[ACCESS] 2026/05/23 23:17:32 GET /labels -> Status: Unauthorized Duration: 0s
[ACCESS] 2026/05/23 23:20:21 GET /tasks -> Status: Unauthorized Duration: 149.5µs
[ACCESS] 2026/05/23 23:39:22 GET /users -> Status: Not Found Duration: 233.6µs
[ACCESS] 2026/05/23 23:39:26 GET /users -> Status: Not Found Duration: 1.14ms
[ACCESS] 2026/05/23 23:39:26 GET /tasks -> Status: Unauthorized Duration: 0s
[ACCESS] 2026/05/23 23:39:26 GET /labels -> Status: Unauthorized Duration: 0s
[ACCESS] 2026/05/23 23:43:18 GET /tasks -> Status: Unauthorized Duration: 625.5µs
[ACCESS] 2026/05/25 16:53:53 GET / -> Status: OK Duration: 107.4289ms
[ACCESS] 2026/05/25 16:53:53 GET /script.js -> Status: OK Duration: 4.6252ms
[ACCESS] 2026/05/25 16:53:53 GET /config.js -> Status: OK Duration: 9.424ms
[ACCESS] 2026/05/25 16:53:53 GET /styles.css -> Status: OK Duration: 53.9928ms
[ACCESS] 2026/05/25 16:53:53 GET /labels.js -> Status: OK Duration: 181.5757ms
[ACCESS] 2026/05/25 16:53:53 GET /labels -> Status: Unauthorized Duration: 0s
[ACCESS] 2026/05/25 16:53:53 GET /favicon.ico -> Status: Not Found Duration: 0s
[ACCESS] 2026/05/25 16:54:25 GET / -> Status: Not Modified Duration: 1.1031ms
[ACCESS] 2026/05/25 16:54:25 GET /labels -> Status: Unauthorized Duration: 0s
[ACCESS] 2026/05/25 16:54:41 GET /users.html -> Status: OK Duration: 2.7377ms
[ACCESS] 2026/05/25 16:54:41 GET /users.js -> Status: OK Duration: 4.2074ms
[ACCESS] 2026/05/25 16:54:43 GET /profile.html -> Status: OK Duration: 336.8176ms
[ACCESS] 2026/05/25 16:54:43 GET /profile.js -> Status: OK Duration: 84.5086ms
[ACCESS] 2026/05/25 16:54:47 GET /stats.html -> Status: OK Duration: 37.8953ms
[ACCESS] 2026/05/25 16:54:47 GET /stats.js -> Status: OK Duration: 49.9165ms
[ACCESS] 2026/05/25 16:54:49 GET /archive.html -> Status: OK Duration: 17.7224ms
[ACCESS] 2026/05/25 16:54:50 GET /archive.js -> Status: OK Duration: 83.4235ms
[ACCESS] 2026/05/25 16:55:11 GET /index.html -> Status: Moved Permanently Duration: 0s
[ACCESS] 2026/05/25 16:55:11 GET /labels -> Status: Unauthorized Duration: 645.6µs
[ACCESS] 2026/05/25 17:05:28 GET / -> Status: OK Duration: 115.869ms
[ACCESS] 2026/05/25 17:05:28 GET /script.js -> Status: Not Modified Duration: 510.8µs
[ACCESS] 2026/05/25 17:05:28 GET /labels -> Status: Unauthorized Duration: 0s
[ACCESS] 2026/05/25 17:05:36 GET / -> Status: OK Duration: 509µs
[ACCESS] 2026/05/25 17:05:36 GET /styles.css -> Status: OK Duration: 6.4556ms
[ACCESS] 2026/05/25 17:05:36 GET /config.js -> Status: OK Duration: 9.1058ms
[ACCESS] 2026/05/25 17:05:36 GET /script.js -> Status: OK Duration: 4.7831ms
[ACCESS] 2026/05/25 17:05:36 GET /labels.js -> Status: OK Duration: 4.3251ms
[ACCESS] 2026/05/25 17:05:36 GET /labels -> Status: Unauthorized Duration: 0s
[ACCESS] 2026/05/25 17:05:37 GET /favicon.ico -> Status: Not Found Duration: 0s
[ACCESS] 2026/05/25 17:15:29 GET / -> Status: Not Modified Duration: 27.7092ms
[ACCESS] 2026/05/25 17:15:29 GET /script.js -> Status: Not Modified Duration: 1.0185ms
[ACCESS] 2026/05/25 17:15:29 GET /labels -> Status: Unauthorized Duration: 2.0142ms
[ACCESS] 2026/05/25 17:33:11 GET /profile.html -> Status: OK Duration: 181.5963ms
[ACCESS] 2026/05/25 17:33:12 GET /styles.css -> Status: OK Duration: 2.0556ms
[ACCESS] 2026/05/25 17:33:12 GET /config.js -> Status: OK Duration: 438.8369ms
[ACCESS] 2026/05/25 17:33:12 GET /profile.js -> Status: OK Duration: 598.8967ms
[ACCESS] 2026/05/25 17:33:12 GET /users/1 -> Status: Unauthorized Duration: 528.5µs
[ACCESS] 2026/05/25 17:33:12 GET /favicon.ico -> Status: Not Found Duration: 724.2µs
[ACCESS] 2026/05/25 17:33:26 GET / -> Status: Not Modified Duration: 2.6186ms
[ACCESS] 2026/05/25 17:33:26 GET /script.js -> Status: OK Duration: 428.0358ms
[ACCESS] 2026/05/25 17:33:26 GET /users -> Status: Unauthorized Duration: 0s
[ACCESS] 2026/05/25 17:33:26 GET /tasks -> Status: Unauthorized Duration: 0s
[ACCESS] 2026/05/25 17:33:26 GET /labels -> Status: Unauthorized Duration: 0s
[ACCESS] 2026/05/25 17:33:26 GET /login.html -> Status: Not Found Duration: 0s
[ACCESS] 2026/05/25 17:33:26 GET /login.html -> Status: Not Found Duration: 436.2µs
[ACCESS] 2026/05/25 17:33:35 GET /login.html -> Status: Not Found Duration: 0s
[ACCESS] 2026/05/25 17:33:35 GET /favicon.ico -> Status: Not Found Duration: 0s
[ACCESS] 2026/05/25 17:34:07 GET /config.js -> Status: Not Modified Duration: 1.5023ms
[ACCESS] 2026/05/25 17:34:07 GET /script.js -> Status: Not Modified Duration: 0s
[ACCESS] 2026/05/25 17:34:07 GET /users -> Status: Unauthorized Duration: 0s
[ACCESS] 2026/05/25 17:34:07 GET /tasks -> Status: Unauthorized Duration: 0s
[ACCESS] 2026/05/25 17:34:07 GET /labels -> Status: Unauthorized Duration: 0s
[ACCESS] 2026/05/25 17:34:07 GET /login.html -> Status: Not Found Duration: 0s
[ACCESS] 2026/05/25 17:34:07 GET /login.html -> Status: Not Found Duration: 0s
[ACCESS] 2026/05/25 17:35:40 GET /login.html -> Status: Not Found Duration: 17.1672ms
[ACCESS] 2026/05/25 17:35:40 GET /favicon.ico -> Status: Not Found Duration: 0s
[ACCESS] 2026/05/25 17:35:46 GET /script.js -> Status: Not Modified Duration: 2.9469ms
[ACCESS] 2026/05/25 17:35:46 GET /config.js -> Status: Not Modified Duration: 2.3839ms
[ACCESS] 2026/05/25 17:35:46 GET /users -> Status: Unauthorized Duration: 0s
[ACCESS] 2026/05/25 17:35:46 GET /tasks -> Status: Unauthorized Duration: 1.3592ms
[ACCESS] 2026/05/25 17:35:46 GET /labels -> Status: Unauthorized Duration: 0s
[ACCESS] 2026/05/25 17:35:46 GET /login.html -> Status: Not Found Duration: 509µs
[ACCESS] 2026/05/25 17:35:46 GET /login.html -> Status: Not Found Duration: 0s
[ACCESS] 2026/05/25 17:35:56 GET /labels -> Status: Unauthorized Duration: 0s
[ACCESS] 2026/05/25 17:35:56 GET /tasks -> Status: Unauthorized Duration: 0s
[ACCESS] 2026/05/25 17:35:56 GET /users -> Status: Unauthorized Duration: 0s
[ACCESS] 2026/05/25 17:35:56 GET /login.html -> Status: Not Found Duration: 0s
[ACCESS] 2026/05/25 17:35:56 GET /login.html -> Status: Not Found Duration: 0s
[ACCESS] 2026/05/25 17:38:45 GET /login.html -> Status: Not Found Duration: 1.0845ms
[ACCESS] 2026/05/25 17:38:46 GET /favicon.ico -> Status: Not Found Duration: 0s
[ACCESS] 2026/05/25 17:41:59 GET /login.html -> Status: Not Found Duration: 1.1017ms
[ACCESS] 2026/05/25 17:41:59 GET /favicon.ico -> Status: Not Found Duration: 0s
[ACCESS] 2026/05/25 17:42:04 GET /config.js -> Status: OK Duration: 243.5673ms
[ACCESS] 2026/05/25 17:42:04 GET /script.js -> Status: OK Duration: 232.3127ms
[ACCESS] 2026/05/25 17:42:05 GET /labels -> Status: Unauthorized Duration: 4.848ms
[ACCESS] 2026/05/25 17:42:11 GET /config.js -> Status: Not Modified Duration: 971µs
[ACCESS] 2026/05/25 17:42:11 GET /profile.js -> Status: OK Duration: 85.5841ms
[ACCESS] 2026/05/25 17:54:48 GET / -> Status: Not Modified Duration: 26.3247ms
[ACCESS] 2026/05/25 17:54:48 GET /config.js -> Status: Not Modified Duration: 0s
[ACCESS] 2026/05/25 17:54:48 GET /script.js -> Status: Not Modified Duration: 0s
[ACCESS] 2026/05/25 17:54:48 GET /labels -> Status: Unauthorized Duration: 0s
[ACCESS] 2026/05/25 17:54:54 GET /.well-known/appspecific/com.chrome.devtools.json -> Status: Not Found Duration: 5.3503ms
[ACCESS] 2026/05/25 17:56:34 GET / -> Status: OK Duration: 116.405ms
[ACCESS] 2026/05/25 17:56:34 GET /styles.css -> Status: OK Duration: 1.2401ms
[ACCESS] 2026/05/25 17:56:34 GET /config.js -> Status: OK Duration: 4.9149ms
[ACCESS] 2026/05/25 17:56:34 GET /labels.js -> Status: OK Duration: 8.0421ms
[ACCESS] 2026/05/25 17:56:35 GET /.well-known/appspecific/com.chrome.devtools.json -> Status: Not Found Duration: 0s
[ACCESS] 2026/05/25 17:56:36 GET /script.js -> Status: OK Duration: 1.3238788s
[ACCESS] 2026/05/25 17:56:36 GET /labels -> Status: Unauthorized Duration: 0s
[ACCESS] 2026/05/25 17:56:36 GET /favicon.ico -> Status: Not Found Duration: 0s
[ACCESS] 2026/05/25 17:56:44 GET /profile.js -> Status: Not Modified Duration: 4.0402ms
[ACCESS] 2026/05/25 17:56:51 GET /script.js -> Status: Not Modified Duration: 0s
[ACCESS] 2026/05/25 17:56:51 GET /labels -> Status: Unauthorized Duration: 0s
[ACCESS] 2026/05/25 18:01:25 GET / -> Status: OK Duration: 171.3782ms
[ACCESS] 2026/05/25 18:01:25 GET /styles.css -> Status: OK Duration: 1.064ms
[ACCESS] 2026/05/25 18:01:25 GET /labels.js -> Status: OK Duration: 5.7012ms
[ACCESS] 2026/05/25 18:01:25 GET /config.js -> Status: OK Duration: 9.7371ms
[ACCESS] 2026/05/25 18:01:25 GET /script.js -> Status: OK Duration: 170.8397ms
[ACCESS] 2026/05/25 18:01:25 GET /users -> Status: Unauthorized Duration: 1.4795ms
[ACCESS] 2026/05/25 18:01:25 GET /labels -> Status: Unauthorized Duration: 0s
[ACCESS] 2026/05/25 18:01:25 GET /tasks -> Status: Unauthorized Duration: 0s
[ACCESS] 2026/05/25 18:01:25 GET /login.html -> Status: Not Found Duration: 1.5199ms
[ACCESS] 2026/05/25 18:01:25 GET /login.html -> Status: Not Found Duration: 2.0292ms
[ACCESS] 2026/05/25 18:01:25 GET /favicon.ico -> Status: Not Found Duration: 0s
[ACCESS] 2026/05/25 18:01:35 GET /login.html -> Status: Not Found Duration: 0s
[ACCESS] 2026/05/25 18:01:35 GET /favicon.ico -> Status: Not Found Duration: 0s
